0,1,output
514.9667467459882,-10.754324646360683,1
516.475306245134,6.486934302582117,1
507.6549131993903,-10.456418442238599,1
525.7858116215568,0.18761083093851916,1
505.29538656871904,-1.4328275813608786,1
505.35161090886686,-10.887422070524023,1
512.4002784157694,-24.734629452148297,1
492.72555570039555,-10.5964117140444,1
499.83971161924865,-1.202780449218376,1
500.88028134669594,-17.840017071676613,1
524.6087195645315,-5.346479268087732,1
510.61843420278745,-16.707945244116008,1
504.4894557127708,-0.7229965095992839,1
498.41268852302125,2.5529858540065815,1
503.90478929121645,-3.4927176402286797,1
503.88187253328755,18.575201007818166,1
509.75093946472055,-9.896506695947492,1
518.097544501563,-10.899667341345348,1
511.94612563274063,-17.65978337376962,1
496.56023415266566,4.533660080359974,1
517.210576081667,4.906840548283613,1
508.6524538045566,0.8102099614093028,1
495.00595380495787,-2.7491278113620456,1
505.1662338407444,15.648581072617532,1
513.1894630785504,-11.925022014563194,1
512.9739893306934,2.4825526625987315,1
502.94300994071045,13.078108490239018,1
520.0005163619342,16.902090143780896,1
501.275848018414,5.12508076900721,1
512.9573706343302,18.600542606190864,1
504.82891800425756,7.616358616805504,1
498.5324457358469,-1.8612915593301054,1
517.6953998630919,24.29096952335085,1
508.82359769714606,21.39166003948868,1
513.1328275895387,5.532861612881206,1
513.1024030155754,27.992118206125998,1
509.10137743038456,28.88584677509654,1
483.2325889266368,22.086056237998058,1
510.27012412776276,11.504540977576472,1
510.2860860683637,-4.753530056124152,1
507.1397957112721,19.320789741333588,1
524.0827028031867,11.19442611757676,1
501.18528562417015,11.986980485479016,1
518.3899137116246,20.91944199506044,1
503.9031730168171,23.391941572145825,1
510.1356447616887,28.573008863649562,1
502.1076442936928,16.237183593831887,1
505.1696114738848,5.505855073650572,1
512.013625416264,23.378709175172503,1
509.06449878056037,19.049388430905218,1
494.8198103519336,17.815860270885665,1
505.50573821817943,14.626543972601691,1
507.27860399467096,27.31677684151436,1
527.7111100336064,25.648945462468774,1
511.38175708784024,23.785553699541225,1
489.57475550357475,24.891665098159727,1
509.3201966179122,50.4159604555617,1
506.74892418899884,29.42569172500898,1
508.27926798606796,15.350059399736985,1
520.0076782754571,35.182733090834105,1
516.442046722918,19.196031728399138,1
522.511160234384,14.897838695815452,1
514.30249076252,51.447287175002245,1
498.47847217751115,24.50607277066939,1
509.32947766789135,25.760549242916778,1
492.77467135877964,32.10712682816447,1
497.6058233304108,36.783547272283656,1
498.98138615218755,48.173026502998866,1
500.28907691070043,30.07905939008896,1
516.201976745283,21.616955111032034,1
510.28581213968226,47.62288017690638,1
491.8800022424017,37.02357522529083,1
510.4964979862184,43.621178022603395,1
495.47021214229125,23.224023509741144,1
513.000397957709,40.02400339158901,1
510.2263877913503,41.14413146796407,1
500.8609030883369,40.62760376566704,1
510.5307801784535,31.786893754562087,1
526.195919919851,44.29400101691945,1
495.5624735186236,46.74639351194574,1
497.6652398888919,48.67680983841444,1
518.933775000222,33.22416676330363,1
516.9165577414813,46.18374414546325,1
515.4375900104602,61.64872742848866,1
504.69651403847075,35.768215494055056,1
498.18787262189517,35.772169646874026,1
506.2438365817266,47.96640244033174,1
509.71281357259033,53.45123922855612,1
507.0061916560755,60.339184419984605,1
504.1590869276246,73.62988410263702,1
512.9910267364202,38.480876553089324,1
495.95334186557875,52.50134585658597,1
504.3547682828391,55.440705152718664,1
511.2481174893017,48.1963975281092,1
497.9733651042228,34.40010780057622,1
501.9009298569985,58.73636734809047,1
508.43101008194105,38.33869595475636,1
507.94509145235475,55.27286587087042,1
497.2971337965315,53.5804544746658,1
506.63943784169896,41.2369138038459,1
509.55608341715106,58.89777645363441,1
516.7287981845578,64.45116617466084,1
492.0408849212895,45.15800879193941,1
510.8864411573684,60.29713032542936,1
510.80429239781375,94.30949445268845,1
511.2796649861268,67.7606407987407,1
515.0269392846955,63.54159689825175,1
502.2496085324469,65.23997073252282,1
497.5886458547077,55.90457977356263,1
500.37707737003456,59.71388673618227,1
528.2903313264101,40.84476412291944,1
511.9185984752098,44.01241826596947,1
500.248147064368,71.65113311660288,1
505.5209534428251,50.606117794431405,1
497.6350222087258,68.80136876547283,1
497.39351769572676,64.79168916800616,1
505.0612459291309,56.732697104079136,1
525.9525308909009,70.20937244157193,1
484.1684456949581,66.35609035323989,1
497.7080077212732,73.63712790834077,1
496.3058851840267,64.58655888718722,1
509.18540509919893,75.01248439083281,1
492.0362276724241,63.63080866313698,1
499.1926179096415,61.06329571289591,1
521.4987127003799,72.26704962972498,1
491.13665018318335,78.01637295645907,1
524.8675914341022,79.78280256164484,1
488.3520900074166,65.23608022242837,1
516.1138819856346,63.621870835103536,1
507.7811663853963,79.06492313173516,1
493.9710899424264,71.34321772983265,1
470.72436491788096,62.31435417808613,1
500.5072217343096,60.700027702043904,1
519.2521026509758,59.49594332315579,1
498.4218527075292,75.72412812922785,1
517.1285601943235,60.67733279265016,1
514.24021648883,75.75738257933912,1
492.68546622423355,80.895049115456,1
504.3823457322831,70.89067176647059,1
502.9801881145029,73.65839351902041,1
503.3069818244326,84.7513869897779,1
517.9208404342261,66.3703368438022,1
523.2790928892216,59.845885278366495,1
500.3182182079496,85.86806565764066,1
504.5325211750152,74.37588661536273,1
499.52713683634386,76.29071761343678,1
495.59969229602405,90.3344490267126,1
504.9476991155955,75.52688817495957,1
510.2569714485428,86.1463894067771,1
509.272246552734,89.98694571209842,1
492.7355523424339,78.7059620354076,1
508.37954019390594,91.0284413113816,1
500.57791468551557,86.71482881068518,1
513.443131045971,80.2425065366331,1
506.01623253336743,84.75280750109118,1
498.24644868505396,98.37886332522633,1
508.5546517575959,96.1423981514529,1
513.2317296382531,88.83339242695901,1
506.87215052235564,86.13658292414405,1
503.16918971700784,88.55355971352665,1
500.7716175623309,96.42214259403805,1
491.4928093366753,112.00986852224136,1
489.4874273469299,79.55937343464208,1
511.0005218273608,100.23298969911069,1
505.5316503332576,99.21475947758346,1
499.03825084823256,84.57353975296229,1
499.78825812106123,87.38908192218,1
508.6501315902674,93.3045763077989,1
490.5119119669805,92.17557733754603,1
502.76337632685295,90.36630943298758,1
490.2782640577432,99.05437888881542,1
500.815768544888,92.16185846945787,1
493.5205834012742,100.16540371317447,1
483.6142156828031,84.38371041043709,1
490.77393875684936,96.9371491811528,1
500.93000794406305,114.43828317285848,1
506.2593095029746,98.6982628016743,1
497.35356205722775,90.88510737783456,1
497.2188337435426,98.63639241525324,1
500.49062199666946,93.86307103916737,1
502.3156033700466,118.07499419788049,1
495.89246934506605,107.37676883815021,1
503.73867434074253,99.95931443724544,1
498.9345540532878,104.70913072627928,1
497.5260164765516,97.46461549974063,1
496.64921516184575,110.78602096240772,1
510.76963932691234,116.00988814892203,1
517.6433497857076,99.35466225868865,1
504.68728590297826,109.4723311410482,1
517.7138957895137,100.16651565831083,1
487.2696677875295,102.86597275352099,1
474.2781817839343,104.21256199124768,1
487.7752985313567,111.58407441329705,1
498.6329045643747,129.45167965824737,1
504.5675366269134,105.53057884107967,1
485.92633898886186,116.82825969573427,1
481.5545753495861,130.8329157111198,1
506.39696484712806,108.43563813027293,1
477.3161093155347,127.27499055675524,1
493.14618211178936,126.72310670216201,1
478.1906651717343,108.95967376257741,1
494.02997543706635,116.03151302093809,1
489.31871613870436,122.39829121886703,1
482.98423495645693,115.35388261795734,1
494.7037001983365,122.52975118227857,1
500.4564337793704,106.74642613795766,1
477.837921148105,131.37689737179062,1
496.34021782654446,111.7223428065518,1
508.36584956336526,120.97082949853973,1
504.4837912572752,121.09593795904955,1
513.1340260392643,138.58062560654668,1
489.8718707041807,131.3491838189637,1
498.6494753686816,135.92583914482566,1
482.3799234980344,129.7058786053107,1
502.44608401350075,105.86359979595663,1
479.86117413390014,103.66409280011209,1
488.8308503714701,131.83704535982122,1
506.37888829866057,126.00756618112462,1
507.47111216944785,112.07038576538935,1
473.98001139949145,125.92049076969643,1
494.6826097752406,126.75337217466446,1
469.9948944631729,126.79325468888457,1
477.45122159378843,134.98509857817191,1
493.98774142643254,119.49327485624005,1
485.00817366510455,118.90341780072512,1
489.34437752134414,139.65023624220916,1
479.93747574633545,135.7423169748086,1
484.3149700802027,123.37594009201081,1
488.3692953370462,121.55483864608557,1
483.7244014552161,120.53085230909957,1
508.7286845915782,133.46441107725434,1
481.9039604012388,135.8534929944004,1
487.5969609526192,132.10568927770808,1
494.68017845371986,142.49192586580355,1
483.05101430330996,129.7599010076891,1
485.4222677445699,113.09987662266907,1
472.836877930676,150.38860505837405,1
504.25371471470874,134.8300444115795,1
493.38410171949397,141.03321613676522,1
518.2210804578739,149.71653990286325,1
485.9660828121731,129.56522804509962,1
470.9930282426585,141.75487499052937,1
479.30546337174906,126.09707128794068,1
480.21396832032895,130.10326072465404,1
503.3610871093351,150.33403238588147,1
486.2191654990692,156.91573099384928,1
486.88104400137416,134.10186216784382,1
501.1463188717473,148.70197803678755,1
475.34958219506984,142.00742213595905,1
476.7720756137292,130.68049987783033,1
494.5954971081081,164.20010787284667,1
471.15275876298733,151.3328331822698,1
478.43597136990473,141.4288404484236,1
478.82167037980577,138.25689324079556,1
485.0332887745956,139.18375866354202,1
487.05435424971796,147.58708891986515,1
481.7612699569686,139.60979393579288,1
478.18325280490774,156.83505277036392,1
488.7596052385251,140.1010464933562,1
484.54247555166444,157.98567613732263,1
466.65307102249966,156.5003593827834,1
476.5181101008775,157.36744235389983,1
475.3082328220259,134.20707758480253,1
466.46112986761807,153.33093475732986,1
485.12876260711727,144.40084857642714,1
488.71169932933213,137.42248564112788,1
481.45846803987223,142.520936664642,1
475.3936506923471,155.6982377989035,1
473.0998786480715,151.97158715526888,1
491.5581960385766,150.64085356626182,1
489.6427001572193,145.7050705950986,1
486.3735876812825,172.00992850926235,1
456.1481238738314,150.21712825480253,1
486.4235695604589,156.74719986712296,1
484.1518432108258,153.32910825548748,1
481.09307565072055,158.40322670711143,1
491.69104913857035,163.09497804239342,1
483.1745636736622,157.02250117356093,1
474.7070414671072,157.4059199265669,1
483.31145025072004,158.1116167790559,1
482.04776132055855,183.66515723709924,1
487.64360285866127,160.24032854204634,1
490.7260976105365,160.0089507655166,1
458.11357543835294,154.59770710715947,1
459.56702416383763,161.7520252552164,1
478.2385102799029,182.6198463269092,1
481.10224421789104,164.2525033247988,1
485.9049315122084,144.91991230315563,1
479.7441880801834,175.32739455591903,1
462.3786087705076,179.64347978869463,1
480.3251263159922,164.6399755456906,1
483.042934552601,192.08641625249373,1
478.3079950857404,172.44804326250858,1
471.6692035330401,162.05345923929082,1
484.3389143945479,162.57684509318412,1
476.5232263682069,166.94660326182913,1
480.3686344466598,175.645006193855,1
485.7247726124256,167.79314067411877,1
472.4204259473849,163.69029821303155,1
470.4453103433646,177.83528127278748,1
482.22646263239517,165.42467341258885,1
483.120235432656,188.78646397268747,1
478.3253916403278,194.5815097369034,1
466.21928397252964,163.95017737993243,1
455.93537417828793,191.94004598379203,1
480.03090165339154,177.00633934933427,1
476.0508678659452,166.8895825887003,1
497.4719063749633,180.01867477887762,1
473.870808337976,186.56582107070804,1
477.34869573459616,182.12838800369187,1
464.3948714764882,185.18532439992475,1
490.8801435752082,194.50563357863845,1
487.7513178007189,176.51976694500993,1
461.6822269796555,180.95424248759383,1
471.8936190579444,193.7339113234077,1
454.1690898776265,198.667079338535,1
469.270295298755,179.682040089572,1
460.48524089606803,167.98125244063894,1
478.5931734922192,185.84166001229397,1
457.21631468552465,172.73604569796504,1
466.51180613452146,202.9550927334659,1
467.0267428613214,171.81118208233065,1
466.9175031747214,184.69279920762276,1
442.1576194110651,187.4541977783268,1
466.56796753990375,195.53600896552447,1
487.11697616304167,200.41608091138897,1
465.68790644434796,178.66134234130251,1
493.8590456791795,190.89464118610633,1
468.0126714199806,190.63674508718373,1
469.6014339181373,190.0096137375919,1
461.63045140589463,186.55953222084634,1
466.7853016917405,187.16845866835138,1
459.72941764277255,194.2412734657189,1
464.05242293003454,208.79084503956724,1
439.8360956178213,205.23960588739914,1
478.54952359193817,174.1639346021931,1
462.4039534651019,191.75640426276448,1
451.49715037857175,188.2652975768018,1
454.20722738014217,214.1384950461804,1
474.4097692739724,209.90334144658365,1
472.0089868998506,186.46894549136613,1
459.28562633447496,203.22455344216314,1
452.04739587998694,206.0318077751714,1
461.6025476067165,195.7243011570215,1
470.8518119525934,204.48549732076353,1
459.8682447737409,212.20618552657857,1
452.40225121379376,207.3419342629145,1
468.8781594423309,198.65647101475105,1
465.94202419255214,189.80982247324766,1
471.65379642507884,201.04062441810643,1
456.9184138679875,213.9480894045315,1
454.83361100823015,189.94139846683953,1
446.0414464433603,210.65378725195828,1
448.53342176831677,222.70896699364806,1
440.24768560526417,222.69258652337987,1
462.9057064506195,205.3275487244565,1
455.0741811373191,210.85235643053912,1
459.87415377007613,218.45998709792934,1
461.1191950628628,209.49561553626774,1
456.066503661047,207.98842708825575,1
462.5056405372203,192.02113966998755,1
445.67005598479517,217.1200587830204,1
460.5841426725103,208.41183180908658,1
458.78269687159764,214.29138174860736,1
452.9229215895243,203.59606826542762,1
460.0004238359763,202.15858897991967,1
461.84524421509695,195.47933147309837,1
467.7743113257138,217.7936417329833,1
459.76238395375157,223.45672388739015,1
473.57545652025766,224.33530869519743,1
438.2298894785271,201.95727834558977,1
450.10766042773434,215.575043567245,1
461.2489459654229,208.6174241840212,1
457.6558285524058,208.88140555520312,1
449.38808406426443,202.92863890129115,1
445.9853273091634,204.03806034816353,1
445.1726218571322,228.6506215647011,1
445.1503575078791,244.9969612178282,1
459.2898152601852,221.0800776711326,1
445.4846466049602,226.7930291048338,1
448.0227330554505,221.5678794640921,1
479.0901428237812,219.94466957669823,1
464.6915164970796,214.43062694805533,1
452.5576842510091,239.72715467032927,1
446.34598508834995,240.70002461869842,1
459.40056258049555,217.50689473601963,1
458.3538096877484,233.41276230090398,1
457.9538229653349,208.5402568913921,1
444.1696450698815,222.32223411955437,1
450.40127892647615,231.55868705817304,1
452.62652298701767,212.55269645028295,1
454.3546950863979,232.5657989169445,1
455.8531289614285,237.82117674385123,1
458.2962587102943,232.1582240283263,1
448.95649798069167,211.5094924988096,1
453.6547609368382,230.74828128096408,1
451.7740969605337,216.455844331768,1
437.9467796945658,240.30640653764695,1
448.0601372124136,237.14105425513011,1
448.4365237832364,231.17439844581511,1
457.2331374487132,226.2667991607331,1
448.50777509999665,227.35452170132953,1
442.89718205214405,229.43519938402113,1
449.1583685736568,228.28869744928858,1
459.1887886606953,224.6789898404711,1
444.4560180106803,229.77624675943903,1
460.4873313268525,236.6872140034353,1
456.02812737779277,220.41378495517398,1
448.0716260965295,244.7130317751591,1
445.9147172275171,247.0184745247993,1
439.6090596612223,251.00370308935868,1
467.4603056458457,233.82801109151004,1
439.70499335354765,252.53601870806003,1
459.6437485848341,233.31895927704272,1
439.33348241128647,236.27470658114032,1
429.7774843151257,230.45063297493255,1
432.86653648451687,232.50338234762407,1
442.2463663840045,243.06731581240834,1
457.7828081681136,231.28504263876877,1
451.80493258118344,239.6717123756253,1
441.15029472983906,249.10241586638108,1
430.10025321442083,246.72054003162992,1
442.6738559908997,248.362777476943,1
443.58220020400313,268.53268828942896,1
433.9936136594587,239.21073832516743,1
433.81942836019664,239.50655574550981,1
433.356103364885,257.49170853346436,1
453.613479529068,240.43389294044522,1
430.7626656348116,251.3949196151919,1
433.2410976540164,253.5490850683083,1
440.4689879604917,232.60092239508475,1
453.59056285557386,266.2553298946771,1
431.66270097489615,244.95731929751284,1
440.3236432847257,252.716275795149,1
443.7241585763759,270.01071669801826,1
435.04229553654284,242.46225184877758,1
422.69095349913425,243.67206559999133,1
435.8245805416579,269.4626742146369,1
430.6507688128943,254.2902917047064,1
435.3330119366184,264.4712477151287,1
460.4362523319499,247.81311538256244,1
429.94154942728596,264.09748450833195,1
441.32320365404195,272.6566052722612,1
440.01124516613385,251.129850192958,1
439.7455163494647,266.34262795919614,1
441.71012528459966,260.860734642192,1
443.83771702592077,268.01293269780564,1
446.6575584530847,263.3386375758801,1
430.829118436511,258.8498160759478,1
444.2290524160911,249.74404077962595,1
435.51369269654344,254.51030457228453,1
431.7767385716225,271.7580826184587,1
433.061946167812,259.9673760248032,1
417.2133941683082,267.49456717233005,1
436.9271329604953,282.1931732964925,1
427.054180387391,263.28029663929823,1
432.28480771614954,277.39106537330713,1
428.4963607900504,264.9340581268099,1
435.1859640782398,264.5368146418295,1
424.2996838755656,265.1380732961176,1
439.15669727411773,253.45803891426536,1
429.4057755285453,257.2475700539435,1
439.6815838886873,249.54206237420192,1
421.79627828463185,269.07076948584603,1
442.69445709892904,265.16543270348524,1
421.1402830270437,285.1583550255717,1
411.8645427632191,244.88213739262278,1
430.3965722762386,262.3726301271226,1
415.43518869758043,274.99927421378493,1
427.7359567356183,262.79702193672665,1
412.1446825280671,277.684040338893,1
431.0988599521333,268.4889267152199,1
442.7116850857797,259.3006146485241,1
408.6378762189166,263.602716411217,1
423.08442697372595,273.4750834192922,1
420.77443273127443,275.0816909040562,1
410.31725276214496,286.51778636902634,1
421.6563369952356,283.77165659051116,1
425.54965265922533,277.68434215058556,1
427.46397161653573,278.1115601635514,1
427.83677579646417,287.44321657148265,1
423.0173596065459,281.7584968385173,1
419.79674157095275,289.5859498792474,1
413.5714775554863,293.71005017029074,1
419.57447515628274,261.9083117761149,1
420.8971054903307,269.9205112044289,1
427.66185666993476,270.71930018060544,1
414.43230041655244,258.8641912587102,1
414.0091394252109,254.03440948472775,1
402.3305971237348,286.39049827257674,1
425.6644051304386,283.5536202560322,1
407.772776316001,279.33416716113186,1
417.0420031523688,268.73941226342475,1
431.7468595251557,289.6080020341671,1
414.13744047825037,281.6140982242333,1
418.06447432757767,261.43829178202157,1
413.14179535559595,275.54573773836927,1
405.22965149536196,280.06405535641267,1
432.8543593378014,289.7925024751737,1
408.7967072896458,289.61845395979816,1
623.9931595817359,99.87465519447885,2
610.5947245633288,84.78726796144613,2
616.9786800827595,95.8198049814707,2
618.9456156667602,98.86498155622913,2
620.4856575812619,87.7892198671738,2
623.1597284933348,95.74587151210254,2
630.7332644263618,87.506294813534,2
627.3343720571784,97.0055714129918,2
603.4538427864484,90.81588788428567,2
606.7570490199648,100.52467940569547,2
615.180586755671,91.17428369739183,2
609.6996062332984,118.9622402041372,2
627.2087146590297,102.53101429004238,2
610.3026590789264,99.99631893773247,2
616.0463559177086,89.19629420572004,2
607.325173281348,83.36657842395289,2
613.8781429381527,107.15256199063893,2
605.0402307575373,117.04863679126521,2
597.5998330526697,87.29316906292993,2
612.0866128272497,113.03603074779028,2
626.6651871962915,98.6043151076945,2
620.595744962752,103.43616222229512,2
608.0649007092239,113.28591364745176,2
616.2958503344764,89.31343724058588,2
624.5186836801248,119.50629308053865,2
603.4775226216501,110.29141080113598,2
614.6525318065974,109.56808326006941,2
604.1874695985205,100.87305527323839,2
609.4124825407259,119.944494720113,2
615.0807378662389,105.1389480141062,2
617.337647489194,80.98752217714292,2
621.0834524796282,92.7036368936956,2
605.9457322251185,99.53187029138118,2
596.5968841557403,122.96459893435363,2
604.8394553259434,115.44909797623961,2
609.0192411716994,117.38216081369752,2
610.2278567320866,100.40948797507077,2
619.3927081620056,108.9294653626327,2
593.8338344587835,110.21346287257602,2
624.3760762093518,123.6243765110197,2
605.8499932455686,112.25708698303184,2
606.0874118435977,137.14460813592166,2
613.0895761754175,121.30496739323507,2
619.5387270749222,120.01982248872872,2
606.6103535962804,116.29576875016248,2
608.4488566740677,118.51433659322225,2
616.4044706688361,120.03326391788256,2
616.4170937773622,119.33383875388594,2
609.838774548779,100.78614960805254,2
618.1766409611606,124.86014452363662,2
618.9536188710342,93.05975971660237,2
629.8166304312545,121.25342038326615,2
619.9732892787063,112.87720900211366,2
614.9769900721268,113.36901170241381,2
602.5685635736545,143.67032639587075,2
606.8556436489316,127.33113258444912,2
617.4185718253894,130.7403582104349,2
610.1767228882459,130.05982832633512,2
632.6605415355032,126.46065180559646,2
610.5904405974566,138.1699467240425,2
619.5869865820673,140.16020933195034,2
614.8705193453148,117.48630019643343,2
624.7682351475283,118.07927698671558,2
611.4101900812084,122.62629156650354,2
607.691580551085,134.08292988711358,2
611.4948778239437,135.64070462245704,2
624.3659731582583,136.58296598107165,2
605.7340621416191,142.31455413570706,2
620.0163147233092,121.0235964007758,2
614.0408052700849,140.93732569848055,2
605.0355777600411,148.30852076719827,2
606.4542787176887,136.43300117468323,2
606.1669518008955,135.95873978064498,2
596.87696838212,122.02808081464096,2
623.7260329337897,128.58454317607388,2
597.8075357933285,116.14574823695716,2
601.2715328272268,125.07416885998202,2
624.0202070468304,149.0285788282521,2
600.6566713566262,162.08002986124467,2
617.293163360566,136.93254359052122,2
582.4179994424294,163.71538952689735,2
593.452094542512,124.97700247725182,2
617.5085007691345,166.453458939491,2
621.0597165956204,148.31988880247278,2
613.0979386151523,151.83973272543304,2
614.672302816018,146.74218673622215,2
608.0568647153864,143.92895141317007,2
599.4062596906233,142.37265596952813,2
589.9466045953426,144.82044738046395,2
596.9197441884951,135.39229926458313,2
608.5332947703049,160.97247498069814,2
615.845432906213,131.97161566792235,2
596.6931147703942,157.70841209167992,2
596.6908673081832,146.67835515470767,2
611.9418232751524,139.8651354987985,2
607.4198344391283,136.8321244556737,2
600.2763962011269,153.9939030833016,2
590.2833448585262,155.82443945318605,2
605.939330169276,157.568102959382,2
608.2964919978856,166.30802108189056,2
607.2304548401473,148.99587577869954,2
607.1212607831279,159.3461259446757,2
606.3061793041174,154.94217610312947,2
598.7161716072142,148.5302616407978,2
591.6277628167563,173.27794697801065,2
593.1321275252823,149.47593241897562,2
598.3028489940715,165.9769281546382,2
602.4528041959302,170.12769925432747,2
598.5819917576448,161.06270746320075,2
596.877242315728,180.34663662005292,2
593.2677614693798,162.6156231511072,2
611.3937653807857,164.27756795238096,2
603.1145891334853,159.46342014959495,2
605.3162679716615,159.9135455574396,2
614.4268504692745,184.11062129203958,2
599.1222661628198,148.92907347639562,2
603.7227070465802,189.04579395668048,2
596.4763443179503,180.2613502728325,2
621.1968797022986,158.95566478846567,2
610.0157031608098,181.3967607916639,2
600.4398151584788,163.6981197008326,2
598.3187231699079,156.20736514220295,2
597.5464162923217,154.7364183539239,2
604.2829057038434,159.8968557280466,2
606.1820294154763,152.65827605807917,2
607.0542920486783,177.17304310200055,2
583.7086730382614,173.1987156546091,2
615.8224795916897,157.98201076417882,2
620.1704943621454,174.8887555849518,2
596.29285354635,170.76089182086474,2
608.8236637834244,172.69852520457476,2
608.5245982430354,163.35149466063535,2
604.726511488602,159.0407145526426,2
601.8157289981723,164.7582806881142,2
595.4669981486013,186.77765410847132,2
613.6289285096051,181.12733551351633,2
591.6854513205546,172.49096747219522,2
614.6315297345049,177.69118350922236,2
625.5850441763654,180.82601893200226,2
604.202658429503,174.420364845613,2
603.507217419743,176.605381880762,2
609.1417590396584,188.31551500001655,2
594.0888645375794,166.05443373801373,2
583.4740154272724,185.06480686192032,2
590.688936435926,159.07397588404385,2
605.4941453852263,206.150722134353,2
601.4326307500672,190.22333580101878,2
602.1958378414207,181.46708759565468,2
610.451737524088,180.1706487561245,2
603.8175485050633,186.90763535482245,2
594.3445979152241,194.22819593274252,2
599.1570065757192,177.3672870621185,2
606.1520290608611,176.55687515968697,2
600.948293661778,186.06703045854937,2
611.4042143799828,191.52171635422965,2
600.1729911298747,195.5687577973573,2
614.2025637578887,193.58540485496513,2
600.2804677651436,175.5049916871298,2
589.4014841786523,186.18700344653195,2
593.8324041705306,187.98527722734903,2
600.3681571613747,195.7674998832362,2
598.9700283884191,195.95101220364876,2
600.1923453100281,171.94659389898067,2
590.0260591541726,190.87548720226516,2
587.193504734325,198.9305916849027,2
614.4682269001387,205.73370198479378,2
596.8957838298219,209.06796040580065,2
600.385608828111,191.4042904116399,2
592.6328572994962,192.36473888919468,2
594.7522935986844,197.7077171847822,2
600.1062078239061,196.64796697543045,2
602.7354845312643,209.13775297103257,2
607.7265078118708,182.99592465509906,2
572.5558477487568,207.80154726659538,2
584.2895939852194,196.82396667934444,2
586.1198020274894,181.66491662756275,2
603.0973405530023,207.88919970433506,2
591.7786201289874,174.99997810276355,2
591.9415206209417,205.4410188584801,2
582.4743207055473,203.96897967248213,2
596.969039735905,208.54052006386559,2
598.1758745137761,193.62896220834523,2
608.8029494402763,202.3862234258341,2
596.4205838400843,195.25052712772938,2
592.1164329791482,196.34668619802628,2
594.6746528200221,222.92312285137666,2
582.5391918196483,190.28156590930257,2
610.8232284855283,204.93490111605047,2
589.2733521491723,218.03795795762545,2
589.7597110599684,226.5095956473317,2
602.4461449227299,203.98078512650417,2
617.0902211596874,203.4129629780219,2
602.7875788669867,213.0730623525999,2
608.232757700591,226.30508323335704,2
595.3833397357106,203.76543669424188,2
599.5102071317366,205.13191428314815,2
614.8907798950588,213.88368136340364,2
590.9493481267941,214.97419770996908,2
580.9761917111465,204.0201264299946,2
606.2957196437599,207.77600079271343,2
583.6658319328585,220.319951517388,2
605.8345799865144,222.75124018994134,2
603.779847711555,208.60184100969744,2
579.4423325828644,231.79101398772514,2
590.2739454927962,214.87703267714062,2
606.6222264169721,223.55514715034295,2
597.7379405762773,240.25015260181635,2
586.5818954029471,228.4856094529297,2
593.4244610571109,222.5000059442437,2
607.9755036807622,225.4991107078447,2
597.9095075809407,231.75229055521265,2
588.7119848935426,213.24137763603008,2
581.7476239326197,202.57595767574216,2
612.5912294032387,211.81328034810946,2
589.6493029091471,220.68286166129857,2
594.7678262386489,232.21378670310605,2
600.1296535995132,218.83084841617222,2
589.6841006398362,228.09241788180987,2
588.6980454518995,241.9448561077382,2
595.9235853094256,233.8247456191608,2
597.4707679725217,238.81505823045865,2
592.4795310506088,214.716135604454,2
594.4927961163634,221.77480415195322,2
585.0355921479664,234.75571290706455,2
602.5296735528079,229.70826878697525,2
593.0594986200655,247.12096248354916,2
592.2022680045766,256.71868296143407,2
595.2726427202426,213.69704082307607,2
596.9730151476372,235.7188457191071,2
602.1584220495154,239.24144474768764,2
587.6968734225766,220.8687931946434,2
586.8109829083044,225.2084893449652,2
582.9150069514803,240.2011693172464,2
605.2375564967997,238.86356406356032,2
576.3971951590634,239.96411009633732,2
600.1390995825429,230.0212592268311,2
586.6486168859324,236.8667443312208,2
579.9550544488735,243.8032091455819,2
586.4090506028585,242.11603903040015,2
578.5573505953005,234.14620778528337,2
594.4690723052585,235.3923009301862,2
604.3271299575683,235.72387677571112,2
589.115818082111,249.64551670264834,2
572.4960398334239,223.3106526409902,2
571.2331076129085,254.14347585065877,2
580.7803104533109,267.69828246163155,2
580.4648849383241,244.56021721309682,2
601.3361776247295,263.3738064815322,2
606.3370795046984,255.99447122272656,2
595.7688834056914,250.43376667948553,2
593.117332394458,239.59408430486005,2
576.9564456669557,245.66939624125456,2
583.2405508358737,241.76781379279782,2
591.7094840967616,256.44985302329883,2
585.4321413580658,262.26856063820503,2
572.9328948505845,246.15287542155934,2
576.9825272196047,230.02006438547824,2
583.1241592521641,248.06366542827354,2
598.8849307947027,256.18471578688946,2
573.3072842540801,269.01273056694663,2
595.5574607889669,256.8877344936702,2
580.8795067018377,242.06706330073342,2
579.2187566267405,263.1433847884896,2
601.5824173057958,268.2825205734379,2
577.6430433720398,242.2478404945811,2
583.7346372106704,236.35329260818895,2
585.3509431681932,253.15507279927988,2
577.2516467516863,239.2772204130714,2
586.8400133666082,250.49013420094803,2
569.7960995893293,227.68715012867682,2
581.0106299860615,274.7246551083722,2
597.6881380476084,253.02327973682063,2
574.8424482714865,262.8738233702575,2
570.6689938967705,261.79557272574755,2
588.1011872609597,271.63829236148877,2
579.225637011192,257.9232615592625,2
571.2334026544067,252.28196606898268,2
577.533748133895,264.8149259029474,2
588.7189499701647,253.69971229795965,2
594.2938145165323,259.6102255768328,2
578.93633980811,255.4390324591666,2
554.6899532216149,272.34101782733524,2
586.0823973598214,261.27642892455,2
579.1647279623802,269.8379623933745,2
562.6494848052307,259.97663332216655,2
585.9969732842256,253.31257897246388,2
580.7685498019157,252.87769056665337,2
582.2751755247089,266.67485057025965,2
561.2367243400427,279.26613616162103,2
569.8185554603256,260.10341498648154,2
578.9458542133575,280.27922817898576,2
566.5568977017542,269.99628617292944,2
580.7774975384611,276.89689347213664,2
578.0272280812148,266.8816245431055,2
567.7596540226182,271.9991221827365,2
565.0861738761569,242.50967289453422,2
579.9444342307726,281.34773355184745,2
551.7200488144283,262.7959976155669,2
581.3107179103706,294.0528900679716,2
575.0961800208798,266.78224693004756,2
572.8276120548933,288.395090845847,2
567.9645344403541,267.23816531813543,2
569.3636073862704,266.28026552873564,2
575.1838791235133,292.6435089977422,2
576.9533693984911,274.4560678476373,2
570.5691324006955,261.93027797147226,2
582.0822793742186,277.36610109155606,2
571.2095874428887,310.65753863757396,2
575.7643894755838,271.79024433076927,2
568.2750274551736,291.3740048528681,2
573.432320136319,266.08786104539115,2
581.2521879562099,274.3699922616987,2
590.5524292965003,292.4324043664683,2
567.1050562256538,295.02227530594143,2
572.0149250403315,291.31973288992043,2
575.9410643477195,274.9080095940201,2
564.4148759613703,294.25045896485784,2
567.2585313276043,280.49333452687665,2
560.8102418591066,289.3444709963445,2
590.7411728753666,275.0115042760585,2
570.1118476941504,300.3870830347263,2
568.8262424625003,291.36632957600904,2
558.7509985341121,291.703105877176,2
567.2550431904353,297.8544464003036,2
580.751173357638,314.46958173757645,2
574.4237469457239,292.4083937817331,2
570.3206363656697,286.19493850061235,2
571.5102860812979,287.3484427445711,2
569.5579882635473,304.05397131436337,2
557.5551606576623,302.8520034681218,2
580.5382221480957,290.8474363633395,2
545.8942854038146,286.5244865087447,2
579.8278209351553,292.94829056581113,2
556.609172781294,288.70316594145817,2
574.7519939667969,299.7918730501883,2
563.6993506752649,291.22959280812773,2
561.9132479154671,286.24671107773736,2
581.7260242204444,292.82025976059714,2
577.4845710430554,311.82895113116865,2
575.0360943239774,292.8715873694616,2
568.8295671627843,297.5175071396293,2
555.4938103899715,301.5744006471,2
552.4782760573084,310.7786173580631,2
559.3596286153139,301.48410579124584,2
566.5750909860199,297.45381446886233,2
569.3448444466844,295.8638509267108,2
571.9258574643652,287.72278139100433,2
564.2109426581112,321.1412253984738,2
552.6773807240752,295.5435085318522,2
567.5526047295989,304.68546360193227,2
565.6519450659134,308.3498684476392,2
568.2242625992754,315.12300985003736,2
565.7059247478844,302.18111119231645,2
568.0634523053069,324.15984452275654,2
559.7406422202757,295.98272979377305,2
571.866338471463,305.09086820362444,2
538.7966765452682,315.33521205852264,2
554.8972189347854,306.5216354547225,2
563.2967218819325,309.8975947194396,2
566.797143954576,304.203019619768,2
564.5586808300606,306.52735682071466,2
566.5400150147273,315.8410926829238,2
549.521101270785,321.1114863343637,2
553.2387230898032,318.8961426778021,2
561.9933915266313,329.760952287402,2
555.807311461281,308.44914879488806,2
557.5685205990749,309.47336968713404,2
565.482173971878,296.904560824487,2
546.6652624191493,302.95178483214306,2
566.4237879953677,331.2977417708354,2
555.5941396064688,313.0648307810467,2
557.056367835823,326.93291609121854,2
546.7988244188259,318.2585521429037,2
565.5401372054594,321.4461765781348,2
557.3990782601713,327.00571079544477,2
528.1853368402801,324.3336595996359,2
548.3905975556313,299.8078746300581,2
559.7563723914484,332.4097260210839,2
552.9821511050993,328.76046190621327,2
570.1910069866587,332.9390748465844,2
570.1787566115422,327.7690562283574,2
554.2436338301092,304.88561045497306,2
550.7381583529234,313.0299252461523,2
574.6169963309569,320.26029018965085,2
553.8477037340724,328.09039279913384,2
552.7590676896654,340.08207289926986,2
545.8032386798486,325.6332923570091,2
544.3110174861824,311.0422789780896,2
545.3233259190773,324.4270525045853,2
546.852590972304,318.4277562839277,2
536.7863383409668,325.07508431109704,2
535.5055128360282,334.0605011010023,2
551.0796220114632,312.4378544936557,2
546.8649463943066,320.0448591801361,2
552.8499001994699,341.52360629420093,2
530.606854049055,329.82166520080716,2
547.4569806329135,335.93673085447574,2
550.8893113810253,322.25518468692974,2
545.265149394314,322.365788713369,2
558.9134114079178,331.0899535375771,2
566.8622062464833,330.8206383047606,2
540.4624996614822,316.8401306622517,2
529.2107475639077,316.6855611886526,2
549.6082973674345,338.1634338982227,2
530.8193203846388,342.57544600342726,2
541.4941239354595,335.64148746203625,2
562.1397587658694,343.69005939697485,2
543.0243755040481,326.35746643139083,2
523.8829694245438,328.6251906265005,2
542.9805749464858,326.49187550263395,2
543.469374491303,337.6787475170906,2
542.2227645915725,330.95637088767205,2
545.8465652872226,342.4215804325771,2
532.9440363530985,352.6568833460381,2
542.5494692594025,339.2810488991939,2
550.3041336580341,341.96931375240956,2
552.43931049117,343.0525996506836,2
536.4688415114679,344.34020373910414,2
530.8405411667662,342.3541801039219,2
541.6294086899729,339.730432245155,2
540.3595567119742,323.5357304897386,2
535.8402243526342,343.8248915812006,2
542.6078978287433,333.1615134276019,2
553.3475921735719,335.317938408175,2
550.0655855072392,348.79265149390244,2
533.5885605260063,362.8144358632075,2
527.7936063203854,354.79308495848886,2
549.4142602295992,339.43515378717353,2
553.0108743664971,344.1802989053383,2
541.6502643896247,349.8229852784654,2
537.0966703372733,355.86644627665487,2
546.0503980477954,330.8112334313401,2
550.8339903085216,332.20941501651595,2
547.7904514208932,360.63875926355456,2
526.2290515474956,345.80052843080887,2
525.754721126624,348.2960139912748,2
533.4038029374221,358.7779713221039,2
549.2589377315919,365.47393368735857,2
530.2052015374729,349.9601934508721,2
518.6628589751365,344.528614315686,2
544.8154444041883,369.27763134724796,2
522.492455133669,347.7312331461123,2
534.2402311881896,356.99114360309693,2
526.0759281136577,358.9633815454695,2
529.1005745718325,355.11106944458425,2
538.968145952663,355.8522170292284,2
528.8071112247635,355.2238787540906,2
531.952338950656,353.15142840116243,2
529.9123386130086,373.36915091666174,2
537.7731572304199,354.9585943092067,2
538.7965036529217,355.10549779799805,2
543.2205367181407,362.6699859143666,2
530.0779340475707,363.98017980134443,2
515.1031940574223,348.7643568229598,2
518.533041085094,361.99005701107495,2
547.457112731772,383.4017948245852,2
536.1714818934495,366.62497732511696,2
511.4387387723925,356.71710487176625,2
521.229161461992,356.46224742775473,2
527.082581835223,358.4762675901633,2
508.6273816717621,371.2022944695513,2
517.3486485296785,366.64124684444675,2
548.4719442969387,355.5800855061754,2
502.0826215298844,362.4386085163997,2
538.0488131565713,385.406409856421,2
514.3967823494515,371.313776563531,2
521.6915771995809,365.81071341578223,2
552.4398612458756,352.36346908669714,2
528.1849134838333,372.5926414584457,2
536.1558128472998,369.41763977880294,2
528.0282319098171,365.04298138187363,2
527.2881175849977,366.0487625980397,2
530.4610340238636,366.3053589513493,2
527.6641318671858,370.22916897317964,2
534.8007896450026,370.5277516901805,2
505.4564686277689,384.1803519460531,2
513.7753239954232,365.54247694180555,2
516.5212358387264,386.3430792063381,2
500.76565705566134,404.49429529564765,2
532.3268669048742,375.86686370466987,2
520.8606081916259,377.0072320187349,2
526.2633721933246,381.1206151221328,2
526.2501431738594,376.0805845373052,2
518.3620163730058,374.18791300464744,2
518.0269718591994,387.553763765966,2
525.5516285640315,347.3271414325349,2
525.8144289453451,379.1929019208171,2
518.7070471842412,373.87441403727667,2
529.7733298175618,387.7484673722459,2
510.4408486803559,382.85687458237913,2
508.0898361985174,365.5028629902933,2
511.17536550139346,388.43521544637923,2
526.6092789970354,385.4539133563231,2
523.9638343759641,385.99616199955994,2
509.9322662643175,385.6644652810274,2
523.984741500379,389.39855376440016,2
527.5027028955483,389.4486186903579,2
518.7603336697271,393.57656066843646,2
514.6122814768155,374.5653273502264,2
512.8778275480361,376.4435996981721,2
403.24782246613205,-110.81686834180401,3
402.0742216541275,-111.82297955788854,3
391.06030027708584,-105.9821117990174,3
410.0057382201051,-115.65762277127247,3
416.5825871123926,-97.48272664095494,3
393.9101891933018,-113.85737232048359,3
402.2892322022362,-115.00085801665897,3
418.26948244484333,-106.91179780936271,3
407.3228744094868,-124.38387741923864,3
416.3147024040003,-116.10956400685842,3
410.55155817797925,-100.31494688364046,3
423.54973811429466,-115.54866737317256,3
379.7381613998144,-99.993726959161,3
427.9277361123528,-88.81453080005576,3
412.0077703431507,-105.49214199861639,3
417.9701646219546,-109.6830428343159,3
414.64948940566205,-94.26469581472222,3
420.47419445551986,-71.09463045252434,3
413.7816493544808,-103.15271839204685,3
409.58635151973004,-115.12571132722245,3
402.8787789708223,-100.89966664474713,3
404.5680526490931,-94.65520436236059,3
401.5669743848101,-84.34037905417024,3
409.7746921995242,-95.01564440095777,3
406.4743330177366,-92.74271362234606,3
417.9841322834218,-102.3379266903471,3
403.13106505301744,-96.07591468593631,3
396.23181190224244,-100.60328964459606,3
404.90581451519387,-83.03890366535336,3
412.2703496103138,-89.21900955135729,3
418.12964000439024,-91.9007695005503,3
413.50044397519605,-90.93144284784836,3
412.2237651331461,-95.0990173384732,3
385.15552733018507,-89.9864605612946,3
423.74394870006176,-78.75378681865163,3
419.14242180640304,-75.02694024047152,3
410.34621373109843,-84.78743270898757,3
403.2535210131907,-89.29369736602467,3
415.55736494309247,-73.4665411460767,3
407.9740155461987,-89.37973355862934,3
409.3417941782132,-78.23826848449272,3
394.86521419443613,-106.58468123105915,3
403.76485315818616,-95.2025733378172,3
404.15449055813076,-83.84587228971112,3
404.6682909642574,-67.21605741428029,3
412.4323169142315,-78.10869744557104,3
415.3502466729003,-91.87452611799813,3
419.48181087940907,-80.61663831038284,3
415.7572288180303,-89.95041587702795,3
393.47577655397515,-70.42584365509302,3
412.7376130334129,-86.99820204503585,3
400.2362525707002,-66.09633549103442,3
396.9973421826578,-60.29700219407139,3
399.8430436750224,-69.71291340976579,3
405.5200684231228,-69.43811283197367,3
403.32132763542324,-76.47112520807104,3
409.1270862724591,-84.23833522710589,3
416.0807772910114,-78.72191736304299,3
406.3403865297202,-82.90665397015282,3
382.9561135423538,-74.24687486203533,3
432.65788146861667,-63.86405084467323,3
408.290613327679,-73.71255896834441,3
408.6585787526378,-64.98607793134543,3
396.5757072757296,-58.687732986614165,3
415.48677717142743,-62.022836958841886,3
412.6660630575383,-68.38233634295591,3
414.95747282734,-62.03423569665438,3
404.63522138511536,-73.06233527614555,3
409.1401727866826,-51.210123932902405,3
395.67573381504724,-80.74965438215281,3
409.65882120600617,-64.93967034735772,3
409.688251231718,-62.38323138094721,3
405.6656474973861,-49.298416309148884,3
391.8306794663069,-71.85638060721855,3
406.74843470004953,-79.37773145228452,3
405.9629152435708,-45.7056489697255,3
407.87001518708144,-59.38792414875616,3
394.9984077937409,-67.233206145569,3
403.7862110051641,-63.62147915976076,3
420.29194644068775,-54.242231967141315,3
396.2974770217948,-56.72898841469003,3
412.33003669511584,-47.1675196679666,3
423.0882033147218,-68.09500704218041,3
399.1084132984119,-69.89498098719697,3
404.81019660742965,-52.0308391179067,3
416.9563620840414,-56.82923773989682,3
403.8163784433192,-53.92753738534729,3
398.5944765629899,-33.925206044856395,3
390.79956246611584,-52.34875056263132,3
427.04171745230053,-53.50380911765919,3
404.83396290875515,-56.52200211085212,3
404.8583500285658,-38.59489354908058,3
384.4707770228025,-36.364962775239,3
392.2761697190648,-53.741836637666225,3
402.1488580819202,-44.565887254857934,3
390.38483585883125,-45.20589393432483,3
426.5331688735075,-62.83565630405187,3
408.11034386994686,-55.20012970438404,3
410.3945802204732,-47.76531881063196,3
399.6424815667958,-42.45466036913713,3
424.02169091153564,-48.619106727320926,3
413.0958651742869,-59.01958392439983,3
396.25321483268027,-40.739678030105594,3
420.5772487706414,-41.28459569583613,3
402.52323522952173,-44.22490639962521,3
393.06668253949795,-37.54986233951163,3
414.31025227299756,-47.49321894313704,3
400.7018795012554,-39.69093917588937,3
400.9497006396775,-42.388560305295506,3
426.2279307399907,-43.57511166514092,3
401.56034413946276,-46.95800200751467,3
412.49791628646403,-41.67266475431504,3
398.4737353390481,-26.025332530340663,3
419.0741832970068,-44.62067008366258,3
386.1226597877193,-27.9194718255047,3
397.85088575529807,-29.46664073618591,3
384.90448935297445,-27.825326036869598,3
392.4013707048398,-28.82217659094293,3
404.5626022398985,-45.04784698842083,3
400.2555092396892,-28.024020870054457,3
405.29003709950604,-28.421946893418948,3
423.8999381545492,-49.28748366797892,3
420.21131749266806,-31.9806196032214,3
394.95423053801983,-45.706548218756865,3
401.9529663897986,-22.566266360639972,3
402.46999852275843,-16.050697211615216,3
389.13427256346034,-30.662739522327172,3
391.02185522282554,-26.28526022265943,3
412.31364439474135,-33.50905244551919,3
377.3008335376627,-26.69193593459326,3
407.6077801755423,-24.018581159932367,3
415.4948602367932,-38.152306205061464,3
409.8350643027457,-14.89706535352785,3
385.1421137715942,-23.006124638048107,3
397.7804992644223,-26.39850437464952,3
406.1925921390457,-29.83633133669096,3
395.85149817566435,-24.003423855976493,3
391.628093346085,-34.584236916028544,3
409.18548160611346,-34.59509981352802,3
408.9452922736948,-17.86255758382248,3
384.91374108401413,-28.64556627878912,3
414.0017663032463,-31.06316347932612,3
397.3047165195651,-16.01262779388952,3
409.66997425113135,-22.530495267650068,3
395.74750055074844,-5.173419569446253,3
418.9973559778924,-8.990692532156942,3
402.3465212911164,-26.244229159906908,3
393.0731001903794,-12.318874819776312,3
405.44495490309714,-2.9106198725246912,3
407.6481262897058,-31.34014572473589,3
411.5449786288838,-25.672833835766838,3
397.0668914231498,-12.573259280436105,3
420.74360552299663,16.64074053765097,3
406.73371267944856,-15.673745762212477,3
405.89031520647256,-4.348711715831513,3
397.2165844617543,5.343208364477647,3
402.6011958596296,-7.015267317639555,3
406.8361840872545,-7.1607798832240235,3
408.4420258141021,-16.933281375390607,3
394.34450865266314,-21.146552072513458,3
404.19667021860596,-1.7400626252099443,3
404.25274483052885,7.830920098862123,3
399.4916409736365,-1.611323881555478,3
388.50240433096695,-11.554634265262678,3
406.2458297383938,1.4223254923720958,3
396.2210491000599,-7.1699090507600545,3
383.85147507231585,-9.409592970764976,3
407.8027658912878,0.5272002838859464,3
403.77354114871775,-4.112827374114431,3
398.7046933703785,-10.599656433707153,3
405.48875221543284,0.8272362177901869,3
403.2862913137288,-8.029058203506636,3
376.697537258745,8.816431457135053,3
393.3066845376923,-10.169409486228574,3
404.89317008851367,-4.848505700920015,3
408.4202961285492,5.85478049912993,3
404.5184065029591,-13.361909010696763,3
409.6631639901186,3.522906336551202,3
393.71119371100446,2.9568634778771354,3
379.50108406430536,6.221908589497303,3
386.82842314581416,-10.779097790580636,3
381.7564789674557,14.486535367060043,3
390.54460048670353,19.30879625526879,3
391.33561460466063,-12.490372857468131,3
385.38401109157667,17.552829538364676,3
394.84513163988964,0.32316508504720787,3
397.8583855074898,11.43500724974541,3
407.2855133696167,21.5131301864984,3
392.3663930778806,-5.621565777155695,3
391.68121484610424,10.852303577691202,3
386.0292969472311,-0.71160994098922,3
398.9550178425312,8.983588692350793,3
395.69459510100955,2.4951832015342745,3
392.91133766454544,1.447639823405467,3
403.9652823563008,21.65210874494123,3
376.4486070799645,2.613959378745122,3
379.7916148688917,6.018088708507264,3
393.7681839420116,-1.3690575456653136,3
385.2288564751903,3.6966930942861325,3
396.364253858305,15.038386952789892,3
386.9175662263054,16.72163271350911,3
388.5107375940119,12.845155980030142,3
410.5538917564822,29.574402413295502,3
380.6646268810069,25.075001646962022,3
401.6147094261334,5.902729954164897,3
401.5280614360301,33.372166240461866,3
381.9536147930171,9.42510094266288,3
403.19369237518356,21.922161280373814,3
398.3690925605353,23.21997531961611,3
396.5977786259184,7.156031861837633,3
402.99972385665893,32.72311710639238,3
390.06760474829116,21.198704811281516,3
376.88464084727286,27.382071129680526,3
397.74973252097686,22.22345383533319,3
403.1053727437099,20.11022235038837,3
397.3398185194939,13.859771190791946,3
391.28939720717324,22.91808022283324,3
393.6083969981097,21.571349088593266,3
389.87023075701825,34.131872061953345,3
386.6461934206608,10.410196751275834,3
408.3377943279018,40.894860442510264,3
377.74668851251545,34.5815331364644,3
385.4661688933235,30.923245243182123,3
393.26400025559894,26.547994716350388,3
382.30918618260756,22.590142496452046,3
380.80924933926343,21.780590954892332,3
389.1229533091973,23.54425192852264,3
396.43806692105335,46.17712996799352,3
383.63906652289137,34.30130687563309,3
394.2577456117172,37.2296539441808,3
389.8409859415752,40.53859974113428,3
393.72370500797126,21.3370696637852,3
397.41180209342025,43.18829364570772,3
380.9056504114998,35.29622711980653,3
395.1893157075259,33.42494521834229,3
398.9025651937465,59.75781321621852,3
380.1289282263117,22.909416352391062,3
390.84222353574467,44.53602985840473,3
385.3098683504886,52.45332122454022,3
374.046214376089,45.44997701883358,3
381.18665051939183,56.31441151317682,3
406.9826449769154,32.053672754023665,3
381.3733994655063,48.91548725371544,3
382.8083906648591,40.46462858147561,3
386.74355496403354,22.320903254410396,3
386.160514451293,35.21901186430728,3
381.17613270090027,57.1510242158146,3
373.3500091562582,51.444929467420735,3
382.93241443501637,41.11320723183678,3
393.43197710809386,47.90901013316261,3
391.03985160498695,54.78778807347399,3
381.8253506693455,39.5807734702866,3
374.090891795545,38.045988986281,3
414.23655387528174,59.34359674496159,3
371.03732883306714,34.268680260216684,3
389.1684466091045,53.56211798813618,3
389.63958877880634,46.135872620671876,3
382.69642351056206,52.55993575369993,3
384.60936342521467,27.68359521386637,3
381.2511561916202,41.95774056100163,3
385.09923802279854,80.91934748501814,3
386.819164345079,48.52615880624424,3
392.1588394072236,57.082777463539855,3
386.9374991509681,58.91859122287275,3
403.09697323819785,42.135130474212076,3
387.06209550967293,44.77387496400209,3
387.67439248976785,45.44423354740562,3
377.73834363431786,52.273351943360296,3
391.46217949435817,65.00168703699129,3
369.0380941819684,56.95911337149181,3
374.18998048907616,44.41709003492144,3
378.905375397886,54.50941441812515,3
405.13173373855955,62.51567906311428,3
366.8766732811111,53.12991368584346,3
390.6542174314067,80.25338785134494,3
364.36734465361195,41.16075520964176,3
398.7228802756901,64.44691138309034,3
371.11560973414646,66.48756169600995,3
353.2256263176634,61.7652568707347,3
382.6451405553679,71.56416298263684,3
369.011053228669,63.76802086467845,3
369.6781095637485,66.05440142046791,3
369.7604951652668,60.00869610412991,3
368.5366668422292,71.18993263457006,3
386.85945454066285,62.92095439605535,3
378.4367064376077,51.369559057820936,3
374.8362040001815,65.94146244246997,3
403.8188066106733,55.91159513549286,3
392.0298148866221,77.58733035170744,3
379.9708352732074,85.7921441985767,3
380.6612169671167,72.68444664137789,3
376.18390936136274,81.61517649863603,3
387.45402487326425,63.70906452454307,3
363.0703405824549,68.52209655998215,3
368.035170585129,70.50243760611926,3
388.18194534285436,67.1501611786124,3
375.15060237608014,72.88861248906949,3
383.8336819918995,50.42441132282022,3
369.05217235266565,75.59077229364937,3
386.88903250839434,69.14325186727689,3
355.89104940552295,80.84344111402646,3
368.07055234334314,63.33341879373435,3
367.9475887109585,73.96829803476425,3
367.9097293181832,54.34106384205592,3
382.693238636202,89.72835328168742,3
380.002465003246,66.18532935419066,3
371.2362662632718,78.07925990938949,3
379.0023304744141,85.40986784630616,3
365.4351224041421,80.12811039585671,3
377.1114074633814,94.44777098236821,3
379.3446814291886,88.36120770231997,3
372.8981648897515,95.1560245691237,3
375.9170794939199,73.02104460758608,3
385.61197488349325,89.1911444139806,3
366.90592972377266,77.9970664647058,3
374.0594916261823,88.0034240966047,3
372.82329694085695,87.06393752347509,3
387.60585839443354,95.2452506816455,3
372.2678235652503,94.52158614808477,3
359.7906846476598,89.6661039180693,3
387.96271662475385,84.08441852664825,3
361.1463170887666,80.32172272758109,3
358.47860344215695,79.57241582382244,3
365.42140485458054,73.94147625171851,3
369.03349618148656,97.59671705525676,3
359.54985341211903,104.34326985232909,3
373.48471423517225,100.03240728495979,3
361.5471021081595,98.84770911662761,3
356.954039496898,99.78047096664883,3
369.33897970839405,96.98573005667916,3
355.6111254184485,83.07742321048423,3
373.0851165764343,83.11922633744703,3
371.48993839053543,79.50559312419747,3
375.0839372309098,81.42568200605527,3
371.8687930785466,100.58084670463455,3
359.12095348266615,100.71810259712188,3
368.43525203924094,90.082394360795,3
355.48672048498787,76.41720753598474,3
368.80948630779744,80.9677628983236,3
366.0064273369109,94.55330833581957,3
371.5836940138002,94.73900820863977,3
361.2363511338018,105.6495148727669,3
367.61925425974755,102.06338304527529,3
368.6984774863831,84.1167880004464,3
371.3100990704283,106.16755214603916,3
353.31107514616673,98.17208275619407,3
362.8198116135164,99.83761034945451,3
366.2857465283324,116.0656032262028,3
373.49836124685925,89.19876630278662,3
368.6342261360703,116.17897897789041,3
366.0137292800699,114.36780139802227,3
381.9997523706654,114.26310689154496,3
364.10082413501664,115.0445724793494,3
362.7865936242485,105.40005560665395,3
357.5528373269641,121.36215642880057,3
352.6112451191733,121.61835708994158,3
365.5220132428123,92.86793353899898,3
363.92699372423886,86.4267032012479,3
366.23199874455275,116.84491275153886,3
353.779066226665,109.79336028502226,3
378.9691971858026,104.06535655393444,3
348.5628343352863,124.50405186741924,3
378.5013601965388,110.28862189109185,3
368.71298789502725,124.23032385029947,3
350.8956760672341,106.52605716577207,3
370.35071641654685,128.7924595431551,3
363.3915252596958,103.70702398045626,3
377.3533660694518,107.75795793073326,3
353.85070879889827,117.05319239283122,3
372.4623162827796,122.73136781053836,3
360.7872867954627,119.38593331412784,3
356.7909928911258,120.89552821032171,3
330.7767549837886,112.90878772485786,3
358.20138025680285,104.92509404254128,3
359.3664952722995,114.95053765991216,3
372.7724167534273,133.28510365647543,3
350.2732986957239,116.60582648295576,3
353.90487074011463,114.15654580785807,3
356.3068860916576,111.64889574530798,3
342.762071057397,126.01704254974658,3
360.07440716004635,112.30462372103858,3
362.44285174871925,114.58949128229142,3
355.73043561460264,129.66583132543875,3
352.57144350894157,126.5665574353855,3
347.4513592273519,120.61087320444818,3
350.26444891713743,115.66577902955993,3
350.2619906660354,108.20103481599921,3
346.82418587174186,121.39374915659994,3
348.87921930317634,122.3824460163616,3
350.52797121887534,130.1463812635269,3
359.5946837190104,119.4084877689013,3
338.5207080224468,116.03949734167523,3
345.38319527016887,123.49415631013991,3
342.25707650283067,114.60525659354298,3
345.09694682053623,129.93336803510923,3
355.308873403868,123.09717387824978,3
344.92833036714563,119.95634700149799,3
348.44295339490066,121.29059166240978,3
354.1869668833922,112.46738236206275,3
344.5570432974072,133.88791044277508,3
349.68864455217823,158.3575830827118,3
351.0445675762659,121.93672861995987,3
346.28750185557647,114.764457284043,3
346.13103336435205,124.74562309591576,3
355.7851301605617,128.1296601167108,3
345.1570752943414,127.81797892813674,3
363.4060660018485,131.50923857714042,3
364.03525241789845,143.41090630672636,3
350.22179071119075,139.5040552920999,3
349.0298503169254,117.08694498068968,3
341.9931102207185,145.3618083993461,3
343.98235257491217,123.40449822787087,3
343.6359740617807,155.04322909943795,3
356.31694428287415,137.92751945491509,3
353.0498433528259,135.42748246606487,3
326.18327355720135,130.39249255847898,3
358.5368318371195,137.44142718037233,3
340.15937546412215,137.72678652429434,3
361.3191691357029,157.52817219977732,3
364.14951093089894,140.22114871387987,3
344.6011767138344,127.18779545050714,3
356.0968176912266,131.21864705711008,3
343.17708954639545,132.46523956053306,3
334.801845497538,135.607062579823,3
334.29226089521364,139.1294808436958,3
334.56814567519353,153.39466605491543,3
328.6813467073249,147.80695749252754,3
351.588028572225,141.00939223280602,3
331.90703245837784,144.37551779952534,3
350.5605801804332,149.16084320028676,3
333.1276148059027,152.5971300569375,3
327.092589343909,155.1101482681514,3
341.8766609567577,145.75625018548385,3
329.07913139300433,140.50489867244417,3
342.4868892131067,162.19847633524535,3
330.43869034119535,155.029091329677,3
315.61387559325885,145.1351886928385,3
335.8452609416869,142.42026140964066,3
326.46181805536,145.37461662362855,3
338.4191681806097,150.71402479658414,3
312.78461573996395,131.91480158541498,3
328.76729207389644,158.23274159817674,3
307.0292403305265,149.19223025338457,3
328.9094847477,168.6061488829131,3
329.988749925413,159.08548200077632,3
334.91787487350064,134.48232953304702,3
340.8530422963466,158.47394184791182,3
337.9186549394553,196.11391576434693,3
311.6591698446937,174.62964570922566,3
329.289487557004,160.78668653352844,3
331.37183715480205,154.20132936157768,3
325.79096105988674,162.26865134811578,3
315.9792185208962,167.00880221845932,3
326.6500115292548,148.7313381216543,3
325.97216256912645,173.13211823206365,3
324.7786118667588,164.67332954475506,3
322.4814081218873,169.19575107490863,3
336.30439350182195,180.62993120207062,3
327.35135952608226,169.35727145784494,3
329.74469541646033,176.1558911857647,3
321.23205589943274,171.17324503714877,3
326.12910582590973,163.60689643225027,3
328.64864244392265,167.29633538630645,3
326.22320632612815,167.44578256690608,3
342.8203973822075,175.6774321703673,3
335.3838242189447,161.7913890709271,3
317.45227348509826,176.42320254120114,3
334.7568957010032,182.11987912815852,3
319.6077106091953,165.6202231871879,3
308.903107972652,164.51309718348523,3
334.9134316205705,164.29451326380956,3
331.0016461245549,167.57565429303565,3
327.4858854075187,158.52454841362896,3
324.74522242450297,140.61043740102218,3
321.6713255556611,154.7369564889139,3
335.2467384753059,179.3352104665583,3
327.49935682371023,187.29020259988755,3
312.98868357091294,190.07233025378548,3
331.44431483805215,170.75125708685823,3
333.12250028604313,162.57153943926193,3
313.164406582512,168.0657940377613,3
315.76237082889105,164.10288283502967,3
332.92492918477825,172.59623372105438,3
323.8604502596478,169.99713217704578,3
301.77002165724105,178.91663638120957,3
300.493511587025,176.04468731832304,3
305.5722707917194,197.11829996593747,3
328.00776197044746,178.81713648088032,3
331.1692693942484,169.81004297635997,3
323.6044191452929,180.78445604832092,3
320.44660435726695,192.02257963925024,3
324.76745877509114,182.69851735080186,3
300.52915418099155,170.7225962025555,3
315.4857871715269,181.7681028711769,3
305.04504496980775,205.46200659007224,3
331.14458680063785,187.8768236701893,3
316.33393779363934,180.24349051933575,3
305.7266669940888,183.6498634704608,3
317.4550194707337,170.96646810768738,3
317.8502613599227,182.34003565798912,3
