0,1,2
-1.855439747360594,-1.7935645897769126,1.0
1.9046732532093003,1.8025752429832749,0.0
2.4647525557397643,2.2911122956989622,0.0
-1.4508482296337437,-2.068919589298047,1.0
2.8774930768710294,1.933505788845204,0.0
1.845493515476439,1.1619980968350117,0.0
1.9548089963615265,2.6837986199033566,0.0
-2.3952615109165385,-2.4536500607626635,1.0
2.420815632036818,1.8752707099195256,0.0
2.3805188625734965,2.060837508246414,0.0
1.5811609790460275,1.704408448117785,0.0
1.7984115265134102,2.6112225351912137,0.0
-1.6348241048114902,-1.4477107632142618,1.0
2.1197913799281958,1.8150994168480983,0.0
-2.6875922396586205,-1.7495038839100268,1.0
1.3328707642986233,1.3266412471012223,0.0
2.766389607179229,2.7346793849501427,0.0
-2.0867319485364395,-2.2550147698778087,1.0
1.823003044373258,1.3125243532909905,0.0
1.4773733169265226,2.6055726448413505,0.0
-1.8887684179956965,-2.0441877615995776,1.0
-1.4774883122486546,-1.700480236811908,1.0
-2.813160968913415,-2.067411225547177,1.0
-2.8023692649304937,-1.270642625162003,1.0
-1.6887404298475013,-2.3155959708734284,1.0
-2.211157412062635,-1.9476429852833579,1.0
-2.2644349267780575,-1.9131440735064882,1.0
-1.8923797661801942,-2.503182760839275,1.0
-2.0166596414225766,-2.7654017486997464,1.0
1.942612337614601,2.1543756209183065,0.0
1.6828389531595183,1.818629417006431,0.0
-2.194077096241125,-2.029964001335545,1.0
1.8789900850648902,2.7591305851778527,0.0
2.191366215006134,1.982878859734023,0.0
-2.778999264091698,-2.253517384882669,1.0
1.7153439732649074,2.134952177470381,0.0
-2.491559091872854,-2.449160985716008,1.0
-1.7785769431266305,-1.8908014634350314,1.0
1.4365870956216282,1.6346611235675876,0.0
-1.6547854878084756,-1.6016639458176642,1.0
-1.1438473893283518,-2.396057510282575,1.0
-1.897456687384073,-1.4192330982204413,1.0
-2.865138030775043,-1.7056287965962467,1.0
2.447630136444965,2.687482033196495,0.0
-2.8985823076978092,-2.4011265858654056,1.0
1.4828785791077677,2.3407972591408135,0.0
-2.5026559361744294,-1.9492964266658945,1.0
-1.9809409999102998,-2.289459069971604,1.0
2.383331590822543,2.1781464087361444,0.0
1.7228451867143495,1.7646811709226042,0.0
-1.3374929735565924,-1.8973337181110201,1.0
2.344909082267394,2.650923114782499,0.0
1.728569261991641,2.2080250231307126,0.0
-1.7463805244451924,-2.0581148501935744,1.0
-2.241624771239554,-1.998714408784245,1.0
2.3457693755350935,2.347374571828003,0.0
1.276732650218306,2.4001489746700138,0.0
2.540688017229095,1.6843120057753056,0.0
-2.7232105319916644,-2.226175137784546,1.0
1.605665372745317,2.5473191873560457,0.0
2.14317184444614,2.3044219172377254,0.0
2.3496902417939087,1.4693888562770454,0.0
-1.8078382973943774,-1.495144072594143,1.0
1.5693871574726488,2.955032476549517,0.0
3.191572387431971,2.472239743495207,0.0
1.780405239098926,2.0906692146089108,0.0
-1.9508110465922621,-1.8092918728954146,1.0
2.1565338508254506,1.5729521303491376,0.0
-1.8950752610384725,-2.6203122997781136,1.0
-2.261309708199239,-1.478511202676812,1.0
1.747320841367795,1.5921042290030143,0.0
2.434481743448398,2.138435952923064,0.0
-2.809679991448771,-2.255520231790055,1.0
1.966362195538509,1.340802065177633,0.0
-1.560305029043315,-1.6822877367230022,1.0
1.3420462947442395,1.7692076975926456,0.0
2.321657232531464,1.2146882956832736,0.0
-2.18079964039081,-1.4677074319360741,1.0
1.4757235174664536,1.2899910314105125,0.0
1.67379570880649,1.8045233124061995,0.0
-2.5738054724215678,-2.1790570377399283,1.0
2.234192617138526,2.8679394988428566,0.0
-1.3662941725906717,-1.7502508832656702,1.0
-2.0178713667740866,-1.831992128669004,1.0
-1.9662415714128376,-1.611197931048544,1.0
1.4998923263052175,1.2276144516111942,0.0
-1.5574062293955364,-1.2631175924307976,1.0
-1.207589736325491,-1.676016104495056,1.0
-2.5030184289601958,-2.4107749128015663,1.0
1.6738532000324904,1.7394053438494446,0.0
-2.4840410588322888,-1.7614659538215673,1.0
-2.7912472389908793,-0.8781990527086798,1.0
-3.4011013991958565,-2.5942122107915098,1.0
2.933779480213285,2.4530223291376925,0.0
-1.5381017198430267,-2.066284007326859,1.0
1.087871672031085,2.1518019522310006,0.0
-1.9774329922839948,-0.830187596989971,1.0
-1.4413473422316678,-2.2594501022124263,1.0
-2.486201444676249,-1.32688946338885,1.0
-1.5954098515734185,-2.599046440095519,1.0
2.113696387560564,1.4916306756951156,0.0
1.5737070764146766,2.0114798778039757,0.0
2.1097547778965224,2.196531466990046,0.0
-2.2353712490913638,-1.863601805234868,1.0
1.9944271940790794,2.0057494499350312,0.0
-1.499334491326635,-1.7013937477982874,1.0
2.7055860319448057,2.3929019134155864,0.0
-2.2554630906161317,-1.612635840466419,1.0
1.570513805777829,1.550528921767232,0.0
2.5108952927943364,1.7237296632916355,0.0
-1.9873071977967705,-1.6948041178472937,1.0
-2.2001744075067116,-2.736161464233245,1.0
1.8023855086728229,1.4202897418000435,0.0
1.5456183770204734,1.7878411895110493,0.0
2.010531010671032,2.049727228515356,0.0
1.9491513627225643,2.0096396922565387,0.0
-1.947383931470362,-2.0458297040501914,1.0
-1.3378206250020805,-2.0861003963484412,1.0
-2.5202996150425725,-2.157801561692929,1.0
-1.798051989582013,-1.031643768798724,1.0
1.155884986114284,1.9437670087202237,0.0
-2.0142644349172083,-2.16236513254148,1.0
2.5770920152470094,2.086252208246433,0.0
1.410421034681156,2.6507140358323804,0.0
1.7682020126769529,2.240740736886731,0.0
-2.7113974543131714,-1.0388376222778009,1.0
1.7445974312155634,1.409683907938794,0.0
1.6210645697874169,1.974957952857589,0.0
2.4002824017154984,2.0391300875808307,0.0
-2.306312869437468,-2.4114141621471408,1.0
2.139962299521619,1.950924805178521,0.0
-1.169696220052743,-2.7083017412128205,1.0
2.74467798103724,2.260651874137857,0.0
2.6151453403638603,2.6011899243922056,0.0
2.112804327235552,2.224856050115996,0.0
1.9719334897756216,1.999307478632452,0.0
-2.3125136953423358,-2.1951963469927542,1.0
-2.1503919382380134,-2.330304296988496,1.0
-2.1632804888396038,-2.004104941134807,1.0
1.921166491918092,3.1283617486491044,0.0
-2.4301312259787595,-1.8358493524996222,1.0
2.078253268982688,2.1160905181001377,0.0
-0.8396000803598509,-1.941454563922279,1.0
-1.4957013565699482,-1.736201308612842,1.0
-1.7887098138635587,-1.7262597139476674,1.0
1.6764092840761196,2.2361235750439246,0.0
1.6476498620718831,2.4716303624847473,0.0
2.0247474908250456,2.246918388140478,0.0
1.940917977435715,1.6599108980015749,0.0
1.8065645765746767,1.7448536301831856,0.0
1.3201096372480932,1.9792995942210163,0.0
1.7336486040102228,2.54537486721725,0.0
-1.5910690844075022,-1.8808999039889807,1.0
2.385895275606834,2.4117520769818657,0.0
1.9859088858306726,2.2141659352652088,0.0
1.7795386838537044,1.8598222524077455,0.0
-2.8461852187370544,-1.635326826859787,1.0
-2.5730002132537217,-1.9764669526707532,1.0
-1.8963646265131906,-1.846133712660284,1.0
-2.203151565222531,-2.432022495551185,1.0
1.1849008265169778,2.2313911277628873,0.0
-2.240124517497463,-1.5319462249451512,1.0
1.7323649177335778,2.012702604192508,0.0
-1.5392958010947093,-1.7695927614255846,1.0
-2.4175963450957414,-2.4733702054785947,1.0
2.5940148961761507,2.1584713059624248,0.0
-1.8966547441459984,-1.7344787465109701,1.0
3.081617974640345,2.668263974718196,0.0
-0.9234401037147086,-1.7658475461552041,1.0
-2.4395803144175376,-2.115550803796498,1.0
2.30703968517304,2.4611033357832635,0.0
2.1882127655778145,1.4502996047079026,0.0
-1.5616366131547739,-2.9134556891522587,1.0
-2.389091760728061,-1.1316125215116446,1.0
-1.647944488929209,-2.7478397581285083,1.0
-2.4966806877115677,-0.978963925086523,1.0
-2.208738674942517,-2.5487483273851224,1.0
-1.9475464174572437,-1.933043538692262,1.0
-1.1653745968115157,-1.8490053948212235,1.0
2.2384491844611114,2.074224790690039,0.0
-2.0816274744165892,-2.0432276413555237,1.0
1.9335597112065221,1.8511045602991358,0.0
1.6302185018043434,2.771507297703368,0.0
-0.9252127325663566,-2.045121924832875,1.0
1.8965481619180142,2.440089456040391,0.0
-2.2152309559428964,-1.425310308316438,1.0
2.2131293653890505,2.3384540175151227,0.0
1.9331492201657805,2.5388719029881313,0.0
-1.283323748559004,-1.7908009943454037,1.0
2.333191541015957,1.7696401063057234,0.0
2.226890956317842,1.0851297944977343,0.0
-2.0276762740111947,-2.1319686742963437,1.0
2.3931639810544882,1.7667904516320285,0.0
-2.827672019154839,-1.9231777695921668,1.0
2.022879258650723,1.906408074987083,0.0
1.430098772286613,2.39247876062025,0.0
-1.9290966804232728,-1.0832823190921608,1.0
-1.7713451766395945,-1.5188291275928274,1.0
3.1348773119938036,1.2728171627006177,0.0
-1.851242823022527,-1.977988861912326,1.0
-2.4087465488081135,-2.7006736465196552,1.0
-1.782596021134421,-1.7299527697375972,1.0
-1.856993736510941,-1.5107163512769786,1.0
-1.4893876284164185,-1.6456523634447868,1.0
-1.4847808662921977,-3.023661806528981,1.0
1.7601720929960263,2.3101791491717565,0.0
2.4704588072875566,2.202602040161444,0.0
2.0833367476862645,2.317515718446053,0.0
2.5498297979435565,2.327631865361299,0.0
1.6527160701343173,1.9251827298361646,0.0
-2.2401210208691116,-2.2616254716924473,1.0
-1.210567402791756,-2.3977502750266453,1.0
2.057573936570046,1.8104262185600386,0.0
2.5906893006441427,1.6840481209974163,0.0
2.6854945031455606,1.7450783789307605,0.0
-1.8863270249282595,-1.1928752263598863,1.0
-1.817075606041571,-1.3510873665132073,1.0
-0.992969922540766,-2.1533828880135024,1.0
-1.7846144325271793,-2.0749457958665696,1.0
2.261638330265877,1.914226834388876,0.0
2.283645138926335,1.8886624497424227,0.0
2.019315275920094,1.1716424488390231,0.0
1.3535715451382757,2.1335254346745915,0.0
1.7509837746538475,2.964766026908493,0.0
1.3601554133978802,1.7072843978611136,0.0
-2.042557801259703,-2.2821505166510803,1.0
-2.461956007905001,-1.2939241508506845,1.0
-2.177975746523403,-0.7298841896204142,1.0
-2.3235267631913796,-1.9143782274238939,1.0
-1.667016426965231,-3.267277231042115,1.0
-1.8347336283825422,-2.0726372286023844,1.0
1.4478083302857747,2.026082539630487,0.0
2.733289357787089,2.426275969730616,0.0
1.6354776706026521,2.0982787003643923,0.0
-1.425824709654437,-2.4554251888193264,1.0
2.7441260968977996,2.9479445880152917,0.0
-1.7435817712036217,-2.163159231079159,1.0
1.5144477147777577,2.1574086022579118,0.0
2.550142169110187,2.649010986163111,0.0
-2.60186759609989,-1.7914782485161982,1.0
2.3735941671023157,1.405527522398132,0.0
2.5893897855798254,1.9100375820938245,0.0
-1.9342130160459656,-2.702780023695945,1.0
1.5072446311579246,1.2640824962682067,0.0
2.260532438226379,1.7121060150934668,0.0
1.5717253458828953,1.2292063001641063,0.0
-1.7895408579121717,-1.8766989068693327,1.0
-2.745132693953649,-1.251930181524184,1.0
1.5522667194031623,2.193451248929631,0.0
2.471523043661259,0.6301614164052218,0.0
1.527815754587853,2.119051573916156,0.0
1.9074731644953293,1.5961757561918222,0.0
-2.3214762766764454,-1.9249423864969355,1.0
-1.3456656238239104,-2.0128992791272435,1.0
2.4652042480555583,1.91234179883649,0.0
2.632538919044383,2.105748506365939,0.0
1.2543712036471972,2.2196958506322684,0.0
-2.265996904705581,-2.4781292112161415,1.0
1.775917318659646,1.675331036134806,0.0
1.6579945511313916,2.8297753980949363,0.0
-1.7986872344349825,-2.8879439999809144,1.0
-1.5775021984995814,-2.3377969138150316,1.0
-1.4481530212689249,-1.799734657700647,1.0
-2.0196339955189764,-2.4744664054248817,1.0
-2.7414416787870213,-2.654706073165507,1.0
2.5633179610532535,1.4600342458182882,0.0
1.2970185418660503,1.70497117706523,0.0
1.6475393237462774,2.339987422122551,0.0
-2.503415876149492,-1.159211641866336,1.0
1.5982951679130795,1.6552251111248997,0.0
-2.522762278534733,-2.5424280297307225,1.0
-2.27474927315202,-2.5492853637776647,1.0
2.0488624838574276,2.2914768398766467,0.0
1.593426858977773,1.1368586988341616,0.0
-1.583674630267761,-1.836466895439489,1.0
0.6704138810016296,2.3031597621796904,0.0
2.386347418551191,1.1692008544427182,0.0
-1.1909728654998872,-2.412204560663917,1.0
-2.386385941489101,-1.5589717003184946,1.0
2.1210589804925615,1.5556398713231845,0.0
-1.5197213877713858,-1.887079760698655,1.0
1.3467365741323416,2.829065339809094,0.0
2.349228574553668,2.001885444543135,0.0
-2.656424837274896,-1.2925629320387888,1.0
-1.98345512443062,-2.4270806304071773,1.0
-2.4737442974534396,-1.8777782720191838,1.0
-1.7995571604479395,-2.0048286182664543,1.0
-1.7696028361493723,-2.2004930789482007,1.0
-1.95691157880994,-0.9045509933800799,1.0
2.0819642862262935,2.0481606779605985,0.0
1.7412404787447984,1.510585070320615,0.0
1.472685768007493,2.4101239186623404,0.0
2.61243528209683,2.032428053171788,0.0
-0.7368158798220008,-1.1150393059016332,1.0
-1.8576047004328184,-2.1546887964416808,1.0
2.140220852658148,1.5034381945352098,0.0
-1.903568022224807,-2.578508640407934,1.0
2.7566640412866024,2.276566032103792,0.0
1.1220547082811403,2.2254672309029573,0.0
-1.2193602005220965,-2.4701351179786024,1.0
-2.2946144932550747,-2.2242325031020296,1.0
-2.4785737365755085,-2.6742121595608506,1.0
-2.67420654387806,-1.367508335071872,1.0
-1.7003153137388516,-2.1281584468448216,1.0
-1.598974130629742,-2.9232659908323364,1.0
-2.8422586277124413,-1.5967181160518702,1.0
0.8179130914294099,2.0101670908526215,0.0
2.1652883781371868,2.474623236779118,0.0
-1.8804272096731065,-1.3010518694566322,1.0
-1.1998660906256204,-2.094417390108892,1.0
-1.3259821097876405,-1.5461506010060506,1.0
-2.5523082987632355,-2.0154681286369796,1.0
-2.0806867681388894,-1.1027755973874633,1.0
-2.361964352029301,-2.559814116840227,1.0
-1.6240267061614022,-1.718505140706936,1.0
-1.1193669362900684,-1.6229521681718786,1.0
-2.649343361081545,-1.3619623269969061,1.0
-1.8402840833342347,-2.0688896071428853,1.0
2.8663605934595666,2.3422505534295954,0.0
1.8038055009251817,0.4769284726000367,0.0
3.0583955107418377,1.1945607982750333,0.0
-1.7473065307113287,-1.8203754217432717,1.0
-1.543399037873911,-0.8943478333802535,1.0
-2.339796521272072,-2.2821589548412446,1.0
-1.6784727273303537,-1.7058875354410317,1.0
1.387282240584916,2.4221814882007737,0.0
-1.8054530155671398,-1.4144794676897559,1.0
2.335285225155455,1.6462471512447117,0.0
-2.6902153761536347,-2.267957280833081,1.0
0.9978921422505425,2.188438260425446,0.0
2.2240976422116563,2.8480907864140805,0.0
-2.795723937729016,-1.998388891778422,1.0
-2.078011945498644,-1.4754534060399949,1.0
2.0185028609550746,2.383951203866352,0.0
2.4893689920528694,3.120446599600729,0.0
2.2011708205887746,1.6575949545298434,0.0
2.4747104034628804,2.0437756206925957,0.0
-2.200648902566755,-2.1583276475260535,1.0
-1.9866308086626816,-1.9082748732092119,1.0
-2.428851311523447,-1.9322726684050098,1.0
-0.914417525340917,-1.6689628555001468,1.0
1.0784652249216757,1.7610129979797566,0.0
-2.5157412301576287,-2.714995629342724,1.0
2.015300912169259,1.9651792107765322,0.0
-1.887873889517159,-2.8393441814143285,1.0
-1.5196533007696702,-1.3354685767301588,1.0
-2.3999568115703322,-2.1100378899101777,1.0
2.2287078031104954,1.5176939931331357,0.0
1.6661398568203003,2.1634812977022286,0.0
-2.521564749017678,-2.4285390943355822,1.0
1.5336295446028112,1.3684658254488622,0.0
-2.44818486127609,-2.981366004570376,1.0
-1.8738342843077394,-2.1953989980405066,1.0
-1.556754230320192,-2.136065878009104,1.0
1.701842980774746,1.9737163518652268,0.0
1.7730979794739994,2.2016322700816233,0.0
1.6781907985835547,0.8882984238877867,0.0
1.9821159640698895,3.190372675609875,0.0
3.0056283407315685,1.9777022867720715,0.0
2.468222862915558,1.9824524115651647,0.0
2.077473712848458,2.1890812598010867,0.0
-2.1410979383452178,-2.579101592592014,1.0
2.8694363387272555,2.4971971956577494,0.0
1.7042986660959447,2.562209592255184,0.0
-1.9196694050901135,-2.476322476407694,1.0
-1.4704863727790167,-2.5112821956303426,1.0
-1.9805456470718925,-1.6867178746273197,1.0
1.807677288428741,1.778081953422401,0.0
1.8661332315530168,1.4359943342649966,0.0
1.0318600970767466,2.0943892983969143,0.0
-1.5081819021054104,-2.0428074771152485,1.0
-2.359970266070947,-2.4467872011570955,1.0
1.9340456801100165,2.202380906020249,0.0
1.618942744038751,1.5561099316820324,0.0
1.277529900463314,1.394728502938324,0.0
1.364757500757133,2.4846983540790055,0.0
-2.030819026086107,-2.7163677449670542,1.0
-2.064120987013851,-2.135885783245348,1.0
-1.874500941995838,-1.4726210374098585,1.0
1.5336054792467808,2.6216596922275777,0.0
2.13725817886197,1.554542458502236,0.0
-3.0059401596223543,-1.705148197212638,1.0
2.5642970322572842,2.248000473171981,0.0
2.143452244001673,0.8397028621046292,0.0
-1.9497093956355185,-1.7304193629429017,1.0
1.6086854220862374,1.9448053504865561,0.0
1.6820769608105595,2.3382166474732498,0.0
1.5512995365490847,2.656235183570498,0.0
-1.9217618715268505,-2.108171989147863,1.0
2.5059212164970948,1.6710244776194156,0.0
1.6609871092177748,2.6489228953255495,0.0
-1.8735982472904227,-2.2040073545199483,1.0
1.6717681625142342,0.5827227473626488,0.0
2.6638913479789914,1.9493592568913003,0.0
2.117410762974366,3.066076705285222,0.0
-2.0225566518466676,-1.9604391380352324,1.0
-1.6986461717853352,-2.2973248848602026,1.0
-1.6156146778002625,-2.21066379366234,1.0
2.1585803131463446,2.260020307285434,0.0
-1.3073692266388848,-2.1515491267120366,1.0
2.4604294118904093,2.1593638264715107,0.0
-1.01661801403263,-2.098116982471771,1.0
-2.399711199771548,-1.8796062451290307,1.0
2.221931616372713,2.1668371636871333,0.0
1.9447552974670361,1.1696500940653682,0.0
-2.0308716507289506,-2.2234181268313105,1.0
1.9771480196698825,2.1102538278785867,0.0
1.8878705328741798,1.848875134772465,0.0
1.4219087840890436,2.3905990508549966,0.0
1.700673031538507,1.4420515070198028,0.0
1.1836827368827523,1.216116137845773,0.0
-1.8235916967528107,-2.0763872117727042,1.0
2.2892607488644394,2.174827228496587,0.0
-1.9436310293821313,-1.6713661548476113,1.0
-1.24062033151821,-2.58558023072504,1.0
1.934946522903148,2.0469766146927846,0.0
2.165017557255156,3.112972165869129,0.0
1.5409976150904772,2.126248313538436,0.0
2.6429920035401464,1.246500800892864,0.0
-1.5367208495164517,-1.7209590596906672,1.0
0.9526984643969276,2.061860957116753,0.0
-2.406897241615653,-2.7245588053684653,1.0
2.4379163807936655,1.9424462657563866,0.0
2.711491748258053,2.19804329247828,0.0
1.6661436397147205,2.840960870036569,0.0
-1.633787995122562,-2.1876112003803363,1.0
-2.0811092237883453,-1.615284910911348,1.0
-2.499424398047684,-2.3700683953697568,1.0
2.361550246868899,2.012306062623956,0.0
1.4646236892447289,2.5272258634655684,0.0
1.7824232241391813,2.9246318642396707,0.0
1.826875276176345,1.6026818394642506,0.0
1.4836784490539352,1.7816258312709963,0.0
1.0271484584180206,1.543608252932354,0.0
-1.697931629778658,-2.814791801374219,1.0
1.9914897930692796,2.189575867777541,0.0
-1.8654879634118766,-1.7375410681770587,1.0
-2.723288945017947,-2.7913428209013946,1.0
2.410792856024898,2.0026463231496803,0.0
-2.3983876531531503,-1.2259665993106306,1.0
-1.996191250840921,-1.5565676567086195,1.0
-2.417928033740811,-2.4710467944365577,1.0
-1.9843662264862152,-2.046056057345978,1.0
1.826019072039577,1.3233055709261432,0.0
-1.8516334137529433,-1.5850069204594484,1.0
2.4063370210545214,2.293629689699913,0.0
1.2890400641797815,2.998978039875002,0.0
-2.2607898389966867,-2.592343295205776,1.0
1.4213223704045732,1.8438538744371533,0.0
-1.8922234731056575,-1.71599632038679,1.0
1.8621647327197215,1.6451360170765559,0.0
1.7504916810029085,2.010675611921774,0.0
1.6401978057241036,1.5935035057229614,0.0
1.7649835586495626,1.8916342647122306,0.0
-2.0914524904284755,-1.5518757873219204,1.0
1.1509470902838728,2.1936402376975317,0.0
-0.774385140462462,-2.10560299181576,1.0
1.9570346165141936,2.097146469022886,0.0
-2.031026562899167,-1.370416435194593,1.0
-2.3289630462683975,-1.5155586807184747,1.0
2.548173422832899,1.8828920993277318,0.0
1.9707067244330696,1.8412284530349003,0.0
-1.8925172046869532,-1.951390383998541,1.0
-2.6064339081045125,-1.8581152228083273,1.0
2.00525001036041,2.8929352469529177,0.0
-3.2187821795996783,-1.44253772025486,1.0
1.6179280380467784,1.2811042630992109,0.0
2.091962747170155,1.8072551198121958,0.0
1.6518366730694587,1.8548014495980667,0.0
2.7599974303828865,2.8597946537080974,0.0
1.41343829744292,2.9718105928246463,0.0
1.1785173532346955,1.796964101870084,0.0
1.9658791973376843,2.8566713608246834,0.0
0.8801979706691316,2.2007495275451436,0.0
1.6372013107682077,1.3083180223024722,0.0
3.3481120262817896,1.9630376668597924,0.0
-1.3697155774789254,-2.050196751700683,1.0
1.8262746737507183,1.7093657615698374,0.0
-2.7259527647158737,-1.8088986061073533,1.0
-2.6865212754754477,-2.5338710055095532,1.0
2.377870144447271,1.730433681623505,0.0
1.1157307746614846,2.1777408963718847,0.0
1.540443277565028,2.096376924532608,0.0
-1.2061192381273163,-2.3216288008943695,1.0
-1.0666584258341865,-1.621265834969298,1.0
-1.9340441221062938,-2.99028279553447,1.0
-1.5654968285906194,-1.9079093676482268,1.0
-1.9033932233831519,-1.3513289554535546,1.0
1.9712652407673026,1.8043914739129918,0.0
-1.7167273420908937,-1.9268477769994778,1.0
-2.5974934026343304,-2.250204833652132,1.0
-1.7435415765861118,-3.2706194038441123,1.0
-1.7488358799626103,-2.4311334998766183,1.0
1.8659983145243098,2.4012281978981975,0.0
-1.9506662730921023,-1.9014094724013164,1.0
2.162434807898093,2.4985589903958796,0.0
1.670723516597498,1.7428830170300056,0.0
2.5342546996580047,1.7733070980743062,0.0
-2.2243835065527495,-2.872093878276978,1.0
2.1119217816564553,2.164811491063869,0.0
-1.6560593044126226,-1.9750713667000888,1.0
2.3599918650715828,1.4485468935223151,0.0
2.0043139494587883,2.26350210422733,0.0
-2.1382164225079188,-2.1297884909170195,1.0
2.23283121986523,1.2318781568613881,0.0
-2.803219844724916,-2.6865267680209644,1.0
-2.502161356107307,-2.499095864115932,1.0
-1.203614622791258,-2.1292863158383857,1.0
2.199523172820065,0.6137036217866749,0.0
2.5697003422716502,1.3825870898231738,0.0
2.82406746610378,2.082113877743667,0.0
1.7876683487835672,1.5850177012310191,0.0
2.033258611191584,2.151235948869891,0.0
-1.7794835463634242,-1.91060356713341,1.0
1.765567906016602,0.8992793572497211,0.0
-2.528736823900765,-2.277992515939484,1.0
-1.8800664470523607,-1.9205206629371783,1.0
-2.4067979985472534,-2.2608207549853097,1.0
2.9247956233398185,1.892916671899958,0.0
-1.9503975687342487,-1.2118505136861413,1.0
-2.425864598626795,-1.0886381999360202,1.0
-2.2827489031873283,-1.7619843082809428,1.0
-1.6230042665107602,-1.4673422539510026,1.0
-2.6133108296983076,-1.5162769249748824,1.0
-1.922665583176834,-1.4792158055907092,1.0
2.029947341558138,1.8937384776148454,0.0
1.546350817808379,2.0259726978980694,0.0
-2.1458209931759225,-2.870511404179451,1.0
-2.9461809466586706,-2.0889065718515063,1.0
-2.119648295571172,-2.1233967788943757,1.0
-2.3777313631828165,-2.6006007595086946,1.0
-2.166051138674413,-2.3607156477858777,1.0
-1.7286946082506018,-1.6420305532815043,1.0
1.9447296713837636,2.5100863558579,0.0
-3.060588222451218,-2.9194233018792493,1.0
1.5220274997536114,1.8270091121503067,0.0
-1.661268915326794,-1.9740898052587892,1.0
-1.7822269203521732,-2.29961213872986,1.0
-1.4799568774731484,-1.917678095236801,1.0
-1.9938840081805913,-1.2153701927320477,1.0
1.6251548276485517,2.0164043738068558,0.0
-1.5329101257501376,-2.6957526347021097,1.0
-2.138411497386944,-1.4380473471927804,1.0
-1.0959340947105123,-1.7816807626853535,1.0
1.8174723917268711,1.104336225979408,0.0
-2.658858671570383,-1.7294958900200963,1.0
-2.1708390487979403,-1.9878545429311099,1.0
1.8915252150316755,2.2226966254473988,0.0
-1.297727242530144,-1.9267796147608751,1.0
1.774348481448737,2.1328439874831178,0.0
-1.9933801161662332,-2.0609724638001388,1.0
-2.0373339891255746,-1.870641779885127,1.0
1.2085308013324592,2.3051896895536026,0.0
1.4174250796083219,2.4504132434770938,0.0
1.32603728868544,1.6192133058717206,0.0
1.8442237339363137,2.0280826711148725,0.0
-2.6262966707516595,-2.2931600126055662,1.0
-2.898727902183449,-2.5317164690773035,1.0
2.0372932032717768,1.4614504652980025,0.0
-0.8266764847367192,-2.6395805535141292,1.0
-1.696444164041977,-2.524085203412737,1.0
-2.127978834607134,-2.17402318982131,1.0
2.6822659240512357,1.6552754077250311,0.0
2.941575348528127,1.3261204694287767,0.0
2.336147378506218,2.2037309181205553,0.0
-1.8937064767812317,-1.2264842515045777,1.0
-2.915014275213905,-2.347917559674774,1.0
-1.9586944839218996,-2.4107672585097637,1.0
0.8152065473866985,2.432026150248824,0.0
-2.5511150954535453,-2.0122747118211897,1.0
1.6150419627773418,2.2696245956459085,0.0
-2.180556567369933,-1.6955188291727379,1.0
0.7086016835150277,1.4230248181739953,0.0
1.6637697761120245,1.8202234192297293,0.0
2.3776978478316693,2.433703705677459,0.0
2.0051746572831495,2.3600168796708263,0.0
-2.407637830568229,-1.0993930045957325,1.0
-2.099199448410023,-1.9529038498449267,1.0
2.4550894540462957,2.158609107595651,0.0
-1.8859733374379664,-1.8992600266477835,1.0
1.8540813186260685,1.6192538940941883,0.0
-1.904274563988044,-1.5597444004114447,1.0
-0.4145126133549102,-1.9052501812260432,1.0
-2.3019197763980754,-2.574777031628559,1.0
1.8454427776141455,1.8832666692281537,0.0
1.8075600954093622,2.047175794658537,0.0
-2.3961433309030724,-2.2658029540057276,1.0
-2.5058870420527444,-1.957515931481146,1.0
1.5277768720408749,1.7949751533987257,0.0
2.2882954083074702,1.8958506222110025,0.0
1.1930510762210242,1.8936298598930157,0.0
-1.8221482421380077,-2.2386431352016145,1.0
-1.3893075202704008,-2.0964209142719823,1.0
-1.2993275843540202,-2.205190896828935,1.0
-1.993125756332233,-2.922350581814023,1.0
-1.919220366380916,-1.2182976274855353,1.0
-1.5682401708093427,-2.4023768703189345,1.0
0.9846577661092528,3.0322464306796597,0.0
-2.170346171938965,-2.631586456042577,1.0
-2.0050282359345073,-1.38099653202078,1.0
1.2247853274582594,2.2086594105159176,0.0
-2.819403653561089,-2.3666564037918327,1.0
1.9478282542526537,1.5059990287531329,0.0
2.2468708886745943,1.9419480304828167,0.0
2.06345604635181,2.2009946817223507,0.0
1.988288447489274,2.5395973640562444,0.0
2.0257874713849446,2.433638314404214,0.0
1.4262656737944488,1.7810899776277829,0.0
1.7462411991713216,1.474059948724163,0.0
1.6996712211711058,2.7761215900242804,0.0
-2.1559880539581067,-2.4201451977396533,1.0
-1.3222786487027909,-2.1990740643750377,1.0
1.7451739091241731,1.7809628491944067,0.0
1.8146479983897732,1.5271921022218544,0.0
-2.4855853324121955,-1.2868415696064863,1.0
-1.6959217861996794,-1.4425188385262988,1.0
2.226244546319823,2.0489480727063136,0.0
-1.972414322609884,-1.8505112719404913,1.0
-1.1296852770523347,-2.1467425274446885,1.0
3.151958348841971,1.4699920886392264,0.0
1.7271440129911089,1.0577070775102762,0.0
1.62762258897578,1.5867807306704929,0.0
-2.5695040965584828,-2.6072006914796297,1.0
-2.0524898505094766,-1.3162925087699207,1.0
-2.2061358773022715,-2.2017295917104005,1.0
-1.8177593753797472,-1.2643390219288309,1.0
-1.943721234546773,-2.327772514742179,1.0
1.3338941727027491,1.0156876551069898,0.0
2.9337789950749835,1.5113610600617946,0.0
-1.6145815197975317,-1.8784158922987542,1.0
-0.755779192834436,-1.1520152334929152,1.0
1.373602319975037,2.388745177915955,0.0
-2.1720982282336907,-2.1263553360208034,1.0
1.733755040395466,2.3225276367299386,0.0
2.2645226191672156,2.2113143108544127,0.0
1.7931905096201264,1.6262725942796212,0.0
-2.1034723552786456,-2.3390477303931236,1.0
1.8886971595258397,1.5434603909791018,0.0
-2.02417231188991,-2.304050628475845,1.0
2.235216572423241,2.155723535777078,0.0
-2.0743830761168396,-1.951997897515115,1.0
-1.926282799174514,-2.4887324386229346,1.0
-2.248051166991281,-2.0374024913401705,1.0
1.9320251496608396,2.5684456813013474,0.0
-3.0790342819806282,-1.3407244909545817,1.0
-2.1748910900557683,-0.988264025115013,1.0
1.5349217487378395,1.9107054539563355,0.0
-2.228820297144763,-1.8140944592512533,1.0
-2.2832199268661095,-2.1538456386835008,1.0
-3.3886795727137167,-1.4241330126096003,1.0
-0.6597145796154997,-2.100404256997833,1.0
-1.8048175282456889,-1.2057346544512337,1.0
1.9344729942292938,2.5665399397798607,0.0
2.407259911243933,2.029462794590815,0.0
2.177378846556609,2.3084432771966394,0.0
-2.5001651744768525,-1.163007146494645,1.0
-1.8621996630079718,-1.2824753066054226,1.0
2.185412500640551,2.071030902593618,0.0
-1.7157705405378616,-2.1664058824261048,1.0
2.2716559456937597,2.2195214788360214,0.0
2.149119087103028,2.6631929483435153,0.0
-2.233746586828927,-2.431246649862367,1.0
2.1980033563308226,1.453469245634747,0.0
2.57616578239156,2.5398092960184107,0.0
2.514467746297427,1.9638564962199976,0.0
-2.0246620350737863,-1.8804831993766176,1.0
-2.1624674791602496,-2.3556531798713944,1.0
1.844556914150764,2.0487000831343916,0.0
2.882026172983832,2.2000786041836116,0.0
1.948390574103221,2.205299250969186,0.0
3.248600195793504,0.877339175814299,0.0
-1.541389228942072,-2.028521433831094,1.0
1.6563504814216683,1.9412627267909444,0.0
-2.4479078802054137,-1.72583593475101,1.0
-2.4785790491377053,-1.4930139229439194,1.0
-2.3127785175546265,-1.5039315857407471,1.0
-1.5073412455300665,-1.6165401651694005,1.0
-2.427620228625432,-1.3713901745855028,1.0
-1.0474681797199912,-2.0073886098299223,1.0
-1.3519250662360585,-1.6917703436869225,1.0
1.4111855187586846,1.429901849532519,0.0
1.6812814872238855,1.8013640928356012,0.0
2.977956154125347,2.195046661343963,0.0
-1.8308872631574424,-1.674109369149692,1.0
1.5561071261849437,1.0096017658880365,0.0
-2.0516063757308536,-2.5256951993300323,1.0
2.0975348485756906,1.1092185721472043,0.0
2.2493451374549136,2.523986077984026,0.0
1.4055703711079857,1.7465918228506563,0.0
-1.729613207349805,-2.909038815191785,1.0
-2.3768522330903004,-1.9311550870483263,1.0
-2.2270401812578027,-1.9570240132828076,1.0
-2.3299713525511687,-1.8934914162850562,1.0
-1.0890424510697971,-2.0378252352942114,1.0
2.4659241870571518,2.169982491900631,0.0
-1.5877213902178817,-1.7344108167321524,1.0
-2.792236781575468,-1.5777728466977068,1.0
2.432218099429753,1.628917489796779,0.0
-2.200778772249672,-2.2342380223398615,1.0
1.8063365912960239,1.8488486247123321,0.0
-1.650431923140653,-2.149379800284968,1.0
1.8232841256214005,1.1917629056744836,0.0
-1.5045454131575773,-2.09335455590489,1.0
2.261945511917103,2.044211043522331,0.0
0.99179668610012,1.7302726833127493,0.0
-2.6825814386125844,-1.026450678589821,1.0
2.517204943240759,1.5018936798144669,0.0
2.7472422722456846,0.9650074874932337,0.0
-1.9203747658131487,-2.9792744775682696,1.0
-2.819211812870896,-2.888194308173288,1.0
-1.990604104112871,-2.296888723889334,1.0
-1.1126707195133334,-2.1965765973770566,1.0
-1.750636520844034,-2.3689658901206148,1.0
-1.4804517798108037,-1.7604523879508858,1.0
2.1694520626079723,3.0105217807423985,0.0
-1.7597877519411067,-2.4840930319535524,1.0
-2.2015941534247667,-1.5252972381033907,1.0
2.088713071126876,1.799109531895869,0.0
1.3910307442034244,1.8475181810727899,0.0
2.091669599628801,2.8354715163944286,0.0
1.8002754853685623,2.1850279439237594,0.0
1.1468649046874937,2.975387697615895,0.0
2.9614710132401925,2.740257395717212,0.0
-1.1757479948659104,-2.775007094679074,1.0
-2.0918778651249963,-1.5876908901807663,1.0
2.3857029743384226,2.514719414391384,0.0
1.7013419655173188,1.8810391351319966,0.0
2.320065763048796,1.191521977844583,0.0
1.9691867989521763,1.9463473618544127,0.0
-2.4344312734329763,-1.6718046245703488,1.0
-1.986245148985082,-0.8839918052374112,1.0
-1.5319354258444589,-1.6608099505797649,1.0
-1.5166159944167699,-1.7459660453042611,1.0
-1.7328994145771142,-1.8410574513809093,1.0
2.2315651646593038,2.1395478821962266,0.0
-1.6882731952878087,-1.5546641592843027,1.0
1.8260439253369236,2.07817448455199,0.0
1.6539750761078045,2.768188527122899,0.0
-1.5747346582382808,-2.4195620952996366,1.0
-2.0301437668195597,-1.860959476016028,1.0
1.6859562201792104,1.759486440769606,0.0
2.659568438150788,1.5587905907250408,0.0
1.9921589441987226,2.0804640841491113,0.0
-2.0602033193322047,-2.7396579899816267,1.0
1.5758397385973837,1.8371652655899129,0.0
-2.904071963249126,-1.7943328785511956,1.0
-1.9036355017501365,-1.6517806633042804,1.0
1.5646014254090592,1.7105751676177923,0.0
-2.0848791469512427,-2.06706639138421,1.0
-1.5843244710076159,-1.7560136586684978,1.0
-1.617751273483233,-2.1341863676046904,1.0
2.0996500984482327,1.974698229519167,0.0
-2.468940115575726,-1.7834460234243281,1.0
2.4284153059513454,1.6744872033499265,0.0
-1.8578427405010278,-1.7922996869144365,1.0
2.6632308211828466,1.5176967878968681,0.0
2.2490262023414282,1.9869038813278748,0.0
2.0254771385056447,1.1028853642551395,0.0
1.597186746230316,1.440844037839184,0.0
-1.7355281907917088,-1.876926105657578,1.0
2.4712340596101967,1.8662026268823262,0.0
1.9507737377872838,1.6682608568189463,0.0
2.4312980056642255,0.6721904535125336,0.0
-1.8259153823790957,-1.668370955160413,1.0
2.4683712317676285,2.7061638530187215,0.0
1.598429306329186,1.7678311542822542,0.0
2.2032077468381033,1.90341164922508,0.0
-2.1502393927927113,-2.177514365527687,1.0
-1.9992644998772946,-2.3833524272684503,1.0
-1.8202478002144948,-2.072283408466868,1.0
-2.378246764440374,-1.849242971301617,1.0
1.8154090810287782,1.8803104112120368,0.0
-1.8304703720287847,-2.294816020975515,1.0
1.519747809183426,1.6034413186461642,0.0
1.9789142743547106,1.8565564038050462,0.0
2.2330832130170153,1.8148787796478285,0.0
-1.6129196950905917,-2.387229484385413,1.0
1.617148902760957,2.2778934820414367,0.0
-2.1445026054771166,-2.9993197377916863,1.0
1.8691772771445496,1.9088776081050285,0.0
-2.391183483451045,-1.687440671783135,1.0
-1.8872091682155983,-1.3054273421610363,1.0
1.2488017153091437,1.1111665226331469,0.0
-2.084107111383537,-1.8110449491307625,1.0
-1.2985776299498784,-1.8320776392973435,1.0
-1.3600939896859892,-2.4429832410204764,1.0
1.6560811944856588,1.3929612984529398,0.0
-2.1827755449930186,-1.5309537295471771,1.0
1.6699718399329586,2.087909476648014,0.0
-2.2029708635942415,-1.6378157475650177,1.0
-1.9662538713795965,-1.9918309579435538,1.0
1.5933178703978985,1.266787836098743,0.0
2.2949399103672596,1.818070595014605,0.0
1.8985515796166665,1.945058610345343,0.0
-2.5547387768180725,-2.273759050339716,1.0
1.287969545508734,1.753340058318903,0.0
1.4909790623563177,1.9610726220295747,0.0
-1.7594424368055823,-0.6203224429892089,1.0
1.7722337482413284,2.0087395795125285,0.0
1.1288219010953848,1.3483786229438421,0.0
2.539098651857119,0.7204076668279518,0.0
-1.3950749367948476,-2.7030523856955053,1.0
1.5435888872779207,2.5585081440479263,0.0
1.9878369378005323,1.6309845453971556,0.0
2.473625983886874,1.922494953454583,0.0
-2.419816223586596,-2.6841225476691952,1.0
2.07097658166039,1.8403357914274525,0.0
2.3382303661808117,1.8089955222110898,0.0
-2.0717897558581604,-2.1910127244751916,1.0
1.3146200087284696,2.4328264614079265,0.0
-1.8766169880100148,-1.2370212195575958,1.0
-1.7668102128090106,-2.0471962532055925,1.0
-2.5667964128192295,-1.5016201785900922,1.0
2.4862678945712684,3.0669341236022687,0.0
1.7665772269736189,1.2915469434368703,0.0
-1.8404407999568588,-1.8463676097472046,1.0
-2.3901522032507696,-1.8644436017766426,1.0
2.3126157255135937,1.198971172196626,0.0
2.3866264887013,1.4080596799033411,0.0
-1.729938486799753,-0.8547664647347306,1.0
-1.9774170720305846,-1.0703268330741857,1.0
2.305963596365579,1.3292516372084786,0.0
-2.5584747768733616,-2.017648369801458,1.0
1.8887614948785398,1.5705400460961643,0.0
-2.2006173549555914,-2.4000412380423004,1.0
0.8556899799927358,2.1257422075107684,0.0
2.1067400244550845,1.3957131731333894,0.0
-2.5396715830124976,-2.05711277572509,1.0
-1.7317017397165881,-1.7976522721928498,1.0
1.024097949259199,1.670054135135251,0.0
-1.3037407752828638,-1.4812071664746829,1.0
1.1593908922527834,1.555514320952275,0.0
-1.8458343770203274,-2.6890417335320387,1.0
-1.876675522373777,-1.6960037452968013,1.0
1.812426441669358,1.3869019041084905,0.0
-1.89141018368086,-1.960894409453924,1.0
2.3468865763450664,1.9202132809268666,0.0
-1.5645191089141903,-2.438985308267935,1.0
1.4850323583455118,1.8250283177054476,0.0
-2.0365598229740987,-2.64868982797837,1.0
-1.6341705364848038,-2.0327441875722414,1.0
-1.9562342645391646,-1.530626562158845,1.0
-1.9170682386732314,-1.3354293586272235,1.0
-2.2346553681395536,-1.5621521606102466,1.0
-2.5074129538672203,-2.3011659267914313,1.0
1.9803585908862522,1.4159532511294013,0.0
-1.701546759376023,-2.493643346728826,1.0
2.175890055340679,2.1896177667677934,0.0
-2.730866344130704,-2.341719883394341,1.0
-3.0575280075939038,-1.29731728063779,1.0
2.410160898630711,2.6799742708397423,0.0
2.1355850923186557,1.5992515573028125,0.0
2.178183198587201,2.353286584095974,0.0
1.5305092136611074,2.508510495706622,0.0
-1.559434451450184,-1.4835054027400272,1.0
-2.29204677339746,-1.8324471899020005,1.0
-1.6146634727683282,-2.0652198668916637,1.0
1.7485916496787308,3.2062268397718743,0.0
1.1837883489660084,1.966432922692739,0.0
-1.8793980178905239,-1.4361081849360988,1.0
3.297212293884076,1.7979838530745313,0.0
1.8793311042734477,1.5609048285949634,0.0
1.8902294858343933,1.4579816896640327,0.0
-1.722018660145101,-1.5537630563342348,1.0
2.072021785580439,2.7271367534814877,0.0
1.9925711483226487,2.4107029685124055,0.0
1.2296014927776877,2.031630997100166,0.0
2.0198833672932475,1.2165026445691987,0.0
0.8722178852989053,1.4887465781821982,0.0
3.129654475345426,1.9788714241696788,0.0
0.7235050920829607,2.3268092977201804,0.0
-1.9567084099172904,-1.2903724770445244,1.0
2.2820042675369043,1.3577238510037364,0.0
-1.4921673592289495,-1.6494793294174515,1.0
-1.9905389480589026,-2.041017076572742,1.0
-1.1842012862338642,-1.8111204151346412,1.0
2.1421398354036074,2.8713343903278155,0.0
-2.459825345031331,-0.6785321394926291,1.0
2.4681992717762298,1.7371797034490302,0.0
-1.7929543231032024,-2.2536172309474614,1.0
-1.4273689134903877,-1.8267527789966196,1.0
1.662833669671312,2.0159152791371757,0.0
2.428961962146168,2.5705509333287866,0.0
-1.7383691306559617,-2.268791684279031,1.0
-2.740622981098649,-2.6362790675161585,1.0
-1.8162275519888655,-1.90484422120303,1.0
1.8176532278041573,2.078351927636182,0.0
2.1041374890384303,2.4883195182418563,0.0
-1.7966714562665593,-1.3991510721662468,1.0
2.3645452810887684,2.0644914553787053,0.0
2.098983644972484,2.5409676092386326,0.0
1.1990819755137316,1.55640952907748,0.0
-1.195738922025638,-2.2807893748016106,1.0
-2.2279126738996844,-1.2869206239903668,1.0
-1.519976129425036,-2.208249541218346,1.0
2.747039536578803,1.8974208681170996,0.0
2.4750442087627946,1.9243213958511511,0.0
-2.7741271614245213,-1.7340126804964044,1.0
-3.4973064301138095,-1.5595312194595143,1.0
2.302560042041083,2.447777992775662,0.0
0.6722947570124355,0.40746183624111043,0.0
-0.9327890415064383,1.2433193844551549,0.0
-0.0392828182274956,-1.1680934977411974,0.0
0.8568306119026912,-0.6510255933001469,0.0
-1.7558905834377194,0.45093446180591484,0.0
0.050954277011289496,-1.794229271489721,0.0
0.8203217972614217,1.3599485416794843,0.0
0.8215857120497958,0.005292646299360854,0.0
1.4882521937955997,1.8958891760305832,0.0
-0.36505521654625767,-1.7913275480411837,0.0
-0.5175190425104033,-0.9788298593587699,0.0
0.4980524046828567,-0.026192237344250482,0.0
0.33890412521594454,2.0210435614847975,0.0
0.4631303293186071,0.2790957643924534,0.0
0.05157494276988904,0.8672766288084278,0.0
-0.37070400322045344,-0.9456157955562914,0.0
0.4811151263888354,2.759355114021582,0.0
-0.9711045704444846,0.3148172045158238,0.0
1.021790585588673,-0.5525406734167292,0.0
-0.9474885949068795,0.24444345596163258,0.0
0.2711701846373109,-0.8014968853943748,0.0
-1.0431294980353556,-0.8570781886711647,0.0
0.3658487879168582,1.2978252669735855,0.0
1.1285940645145685,0.4960009463439622,0.0
-1.582938397335082,0.6103793791072052,0.0
-0.4668455460527625,-1.4169061131262595,0.0
-1.6301983469660446,0.4627822555257742,0.0
-0.8376780419079453,-0.5911831037644297,0.0
1.5133280825732052,0.553132064207584,0.0
-0.6963266538610828,-0.29039710080386677,0.0
-0.45553250351734315,0.01747915902505673,0.0
-1.4240609089825316,-0.49331988336219407,0.0
-0.5428614760167177,0.4160500462614255,0.0
-0.045703960660234855,0.2205076557571733,0.0
-1.0452533661469547,1.2111452896827009,0.0
1.9559123082506942,0.39009332268792646,0.0
1.4013448312919596,-0.4103817936578706,0.0
-0.6677202863593994,0.3269625954044574,0.0
-0.9301565025243212,-0.17858909208732915,0.0
0.5672902778526694,-0.2226751005151545,0.0
-0.09038200727694681,1.3675972398067135,0.0
0.44819528442331247,1.6961815728281606,0.0
0.045134015432010274,2.339624806020058,0.0
0.16155926723816796,1.5634047450289295,0.0
0.31716062629268876,0.5200406145708678,0.0
-0.9087632459590531,-0.4243176209779015,0.0
-0.3615992807816198,1.0645851361278518,0.0
-1.1476109448431353,-0.35811407547985674,0.0
0.47043314484648185,0.3114470715541555,0.0
-1.0314824603152577,-1.4299912586854484,0.0
2.594424587768152,-0.40403229385093714,0.0
0.7290905621775369,0.12898291075741067,0.0
-0.19065349358139935,-0.3948495140334503,0.0
2.259308950690852,-0.04225715166064269,0.0
0.8689634868967954,0.27687190584612803,0.0
-1.1268258087567435,-0.7306777528648248,0.0
0.16667349537252904,0.6350314368921064,0.0
2.149574534867287,-0.0902438496657506,0.0
0.3517801106813583,0.37923553353558676,0.0
-0.417477349885034,-1.0974966547702447,0.0
0.9494208069257608,0.0875512413851909,0.0
-0.6006575576577885,1.5522431800485608,0.0
0.9101789080925919,0.31721821519130206,0.0
1.7123052213432965,-0.79211502056515,0.0
0.8952602728899299,1.3749640663929898,0.0
1.2248705641936597,0.06485610634357618,0.0
0.28634368889227957,0.6088438344754508,0.0
0.3990463456401302,-2.77259275642665,0.0
-0.7496903447028966,0.0328087476137118,0.0
1.9229420264803847,1.4805147914344243,0.0
0.1549474256969163,0.37816251960217356,0.0
-0.056133020448757114,-0.001385042735095726,0.0
-1.6138978475579515,-0.2127402802139687,0.0
0.7863279621089762,-0.46641909673594306,0.0
0.37642553115562943,-1.0994007905841945,0.0
-0.8034096641738411,-0.6895497777502005,0.0
0.9363985435524596,-0.5256405931019397,0.0
-0.7905230218330772,-0.907300121525327,0.0
0.698457149107336,0.00377088908626934,0.0
1.5927707544174836,-0.25857263167677125,0.0
1.3709890062911214,-0.5098432421384791,0.0
-2.0306844677814944,2.0644928613593194,0.0
-1.4059629162678993,-0.5900576458695397,0.0
-1.0455245570694658,-1.0848560594614451,0.0
0.8126740421090424,0.587259379399826,0.0
0.9304084961111163,-0.17531640232701995,0.0
0.9295051114795281,0.5822245913979243,0.0
2.6962240525635797,-0.07392466628041514,0.0
0.18333919925760125,1.6709430327888573,0.0
-1.3322116545945017,-1.9686246897860202,0.0
-0.44816536268070806,-0.6493379277303881,0.0
1.4111720638896117,0.7858038268311726,0.0
-0.672460447775951,-0.3595531615405413,0.0
-0.6579260925367952,0.9688826385630508,0.0
0.5969064812479539,-0.9872866934576524,0.0
-1.0342428417844647,0.681594518281627,0.0
-1.550429345083481,0.4173188210318355,0.0
0.6051200840821667,0.895555985551324,0.0
1.0289354925948542,-0.0722870075600049,0.0
0.33003511451031164,2.225944331738259,0.0
-0.8791606288350748,-0.23110160759299653,0.0
-2.2886200400145285,0.251484415021537,0.0
-0.5543096265713009,-0.4706376581547914,0.0
1.1173053155366646,-0.5189002044248521,0.0
-0.4513030371025261,0.2656879749662359,0.0
0.03976673458649517,-1.5669947108616025,0.0
-0.0984525244254323,-0.6634782863621074,0.0
1.5199948607657727,1.7195893074161945,0.0
-0.7922866618061449,-0.5316059080114549,0.0
-0.7196043885517929,-0.8129929885540773,0.0
0.6252314510271875,-1.6020576556067476,0.0
-0.5096521817516535,-0.4380743016111864,0.0
1.4944845444913688,-2.0699850250135325,0.0
-1.6326345262344952,-1.567767724308454,0.0
-0.13288057758695562,-0.2977908794017283,0.0
-0.7826291558275251,-0.11038929902688775,0.0
-1.3479254226291204,-0.761573388256559,0.0
-0.41361898075974735,-0.7474548114407578,0.0
-1.951804101481602,-0.659891729729498,0.0
-0.024326124398935636,-0.7380309092056887,0.0
0.012231983638817386,1.5692596145359043,0.0
1.327782695957983,-0.10128148621739935,0.0
-0.2616454457109007,-0.18224478378994294,0.0
-0.028182228338654868,0.42833187053041766,0.0
0.6081564276006415,1.1149623229474022,0.0
0.690429024383049,0.7966721083646714,0.0
0.2348215259487319,2.1321534105704436,0.0
0.35281660649437835,-0.15277442354540868,0.0
2.16323594928069,1.336527949436392,0.0
-0.3007838764760271,-0.660608593976992,0.0
0.6663830820319143,-0.4607197873885533,0.0
0.2280533251240672,0.20147994670443287,0.0
-0.26773353689396645,-1.1280113314700069,0.0
0.5640085350738091,-1.2845522979925272,0.0
-0.8589723884443423,-0.898942156465536,0.0
0.4026255311300352,-1.775887999961829,0.0
0.030601824338517807,-0.06964157844693558,0.0
0.9500884175255894,-0.1513572082976979,0.0
0.920858823780819,0.3187276529430212,0.0
-0.9191134448699437,0.19275384906521617,0.0
-0.6840108977372166,1.6595507961898721,0.0
0.9424681192203938,-0.2675947462353477,0.0
-0.5914026678081108,1.1244191845103682,0.0
-1.7685384506770307,0.35548179274376907,0.0
0.6774621693464117,0.05182038948242156,0.0
0.31306770165090136,-0.8540957393017248,0.0
-0.6780257815644504,1.2978457906510987,0.0
-0.13105401154141233,1.133079879559722,0.0
-0.014857703354702717,0.8214059370248112,0.0
-0.2420198298702195,1.5182611703557054,0.0
1.3264616423656934,-0.964606424206264,0.0
0.8005648034309968,0.07826017516166135,0.0
0.2256086544711038,0.44971210023199254,0.0
0.5785214977288784,0.349654456993174,0.0
1.3645318481024713,-0.6894491845499376,0.0
-1.34841308775612,1.264983329856256,0.0
-0.5324899192090677,0.6450552734598769,0.0
-0.955945000492777,-0.34598177569938643,0.0
0.16392857245258663,0.09632135592119682,0.0
0.0674922572408068,0.016338084112892493,0.0
0.0977249677148556,0.5829536797532936,0.0
0.0386305518401881,-1.6567151023219537,0.0
-1.6429652935306092,-0.4060717962598319,0.0
0.2082749780768603,0.9766390364837128,0.0
-0.46886418796679563,-2.201441285500558,0.0
-1.2986867221630902,1.2760753460061875,0.0
0.5433118913875197,0.43904295767204254,0.0
-1.6882300277714322,-0.11246598255955272,0.0
0.42625873077810095,0.6769080350302455,0.0
-1.1776289624826308,-1.1401963009349616,0.0
-0.7049213525074449,0.6799748442451024,0.0
-0.960504381633148,-0.7931173627076716,0.0
-0.2224770102429203,-0.8589199078076716,0.0
-2.004215715498915,0.37687652085089274,0.0
-0.40123470991118243,-0.8000824760846013,0.0
0.49374177734918845,-0.11610393903436653,0.0
-0.07466797825114957,0.25871644022974605,0.0
1.4893559620744803,0.5213037482757137,0.0
-1.4912575927056055,0.4393917012645369,0.0
0.021062021342063624,0.09945445703071175,0.0
-0.22425893425164034,-0.30224973045507003,0.0
0.6119271927311578,-1.3414967255830426,0.0
0.4064154936762062,-0.1931767015498399,0.0
0.7553956956633383,0.867407411354918,0.0
0.2842796708072146,1.7426687806556311,0.0
0.07458640654355353,-1.0770990694039948,0.0
-0.3646935443916854,0.15670385527236397,0.0
0.9364457258311158,-0.03509517686967038,0.0
-0.2680033709513804,0.8024563957963952,0.0
-0.852585847170647,0.022959755607951444,0.0
0.9367424635352571,1.412327706037443,0.0
-0.8954665611936756,0.386902497859262,0.0
0.6937731526901325,-0.1595734381462669,0.0
-1.188859257784029,-0.5068163542986875,0.0
-0.8483205228052325,-0.32566946882017417,0.0
0.7231004937377982,0.024612125247911617,0.0
2.303916697683942,-1.0600158227215473,0.0
0.6993804835878171,-1.0612222874459092,0.0
0.2745163577239395,-0.8909150829955279,0.0
0.19506969715138117,-1.7815628557055914,0.0
2.3466470305265617,-1.2791611070282582,0.0
0.30833124595934525,-1.3780834670640771,0.0
-0.042171451290578935,-0.2868871923899076,0.0
-0.40317694697317963,1.2224450703824274,0.0
0.6705704503109099,-0.7075056975105769,0.0
-0.8056265075393678,-1.1183119243216322,0.0
0.2869044880033464,-2.3205942757907416,0.0
0.4986902749098275,1.0479721559680528,0.0
-2.5827966329699446,-1.1539503636520094,0.0
-1.6981058194322545,0.3872804753950634,0.0
-0.6471814318477607,0.47224715008784873,0.0
-0.01568211160255477,0.16092816829822298,0.0
-0.4409226322925914,-0.2803554951845091,0.0
0.36754489602226903,0.1903115575939397,0.0
0.298238174206056,1.3263858966870303,0.0
-2.659172237996741,0.6063195243593807,0.0
-1.9457030831639588,-0.9127834941352918,0.0
-0.3873268174079523,-0.30230275057533557,0.0
-1.1791579306376878,1.3014280716647608,0.0
0.19796728994496746,1.0819352184772653,0.0
-0.13594970067832082,1.1368913626026953,0.0
-0.6743326606573761,0.03183055827435118,0.0
-1.0002153473895647,-1.5447710967776116,0.0
0.21496559062609352,0.09721923200291803,0.0
-0.017020413861440594,0.3791517355550818,0.0
1.4229834965161061,0.3960865849565602,0.0
-1.4617326882614081,-0.6834397667886818,0.0
1.6692508063769687,0.30198921035755294,0.0
-1.7062701906250126,1.9507753952317897,0.0
2.011256681463137,-0.044595426455857026,0.0
1.068509399316009,-0.45338580385138766,0.0
-1.5023965693817127,-1.7776669547337063,0.0
0.3708250012811021,0.14206180518723566,0.0
-0.7395629963913133,1.5430145954067358,0.0
1.011842432994189,-0.6579510447611686,0.0
-0.9389815726777853,1.0170209914132446,0.0
-0.05858655113386085,-0.31754309393019925,0.0
-0.764143923906443,-1.4377914738015785,0.0
-0.24133779145310455,-0.8781903428100731,0.0
0.22558166356880352,1.3891453156779274,0.0
-2.2396040586617367,0.4014990550902875,0.0
1.265077838088766,0.21149701273187801,0.0
0.008627898917576322,0.5270042084546597,0.0
-0.34796185592084583,-1.3533888581477134,0.0
0.27992459904323824,-0.09815038964295794,0.0
0.3960067126616453,-1.0930615087305058,0.0
-1.0707526215105425,1.0544517269311366,0.0
0.010349314566299353,0.7200337593416528,0.0
0.7471883342046318,-1.188944955203736,0.0
-1.4219198716404369,1.9979560797500047,0.0
-0.8031413873416283,-0.46433769143549164,0.0
0.3563663971744019,0.7065731681919482,0.0
-0.6600563201340829,0.175818953296028,0.0
-1.936279805846507,0.18877859679382855,0.0
-1.0326431018921296,-0.4367483374580074,0.0
-0.5053583172644099,-0.8157915419939713,0.0
1.5327792143584575,1.469358769900285,0.0
0.8625960113284511,-2.655619092974933,0.0
0.6898181645347884,1.3018462295649984,0.0
-0.4246633024328657,-0.8299645975379619,0.0
-1.2704849984857336,0.9693967081580112,0.0
-0.18505367100934153,-0.8076484876163557,0.0
0.46566243973045984,-1.5362436862772237,0.0
-0.02342310502145217,1.0791947281124892,0.0
1.034409886481518,-0.9962126403710662,0.0
1.285984007080293,-1.506998398214272,0.0
-0.5457119740177824,-1.8845858449794477,0.0
0.2238435633129107,0.32962298212773805,0.0
-0.10321885179355784,0.41059850193837233,0.0
-0.4700328827008748,-0.21673147057553863,0.0
0.11514787314009216,-0.37914756287992274,0.0
1.3250140528868153,0.2053325637779597,0.0
-1.2928569097234486,0.26705086934918293,0.0
-0.4990166379941829,0.02135122384354861,0.0
0.7557402888945426,-0.53913263675299,0.0
-0.9072983643832422,0.05194539579613895,0.0
0.09837790681547566,0.38141625420917086,0.0
-2.01640662779976,-0.5394546333745014,0.0
1.0963468456657985,-0.23421580134453654,0.0
-1.2527953600499262,0.7774903558319101,0.0
-2.36417381714118,0.02033418170524325,0.0
-0.10434349149469264,-0.9880019424937344,0.0
1.3852615467222305,-0.3030982534240727,0.0
0.5290452383344316,0.42262862170882565,0.0
0.05989468311627605,-0.2125230447703092,0.0
-0.5028167006425383,2.4124536795437486,0.0
0.7717905512136674,0.8235041539637314,0.0
-0.11054065723247261,1.0201727117157997,0.0
-0.3108861716984717,0.09740016626878341,0.0
-0.6920498477843912,1.5363770542457977,0.0
-0.011145611841841251,0.011498899870062375,0.0
0.8635196583813146,-0.8047537406378693,0.0
0.21950955579304526,0.3930629339800916,0.0
-0.7047002758562337,0.9432607249694948,0.0
0.7732529774025997,-1.1838806401933177,0.0
0.5289436184165822,0.24614778868484416,0.0
0.7316589270303925,-0.06548837514448298,0.0
-0.19839889682004574,0.09419230031014657,0.0
0.1565065379653756,0.23218103620027578,0.0
0.9430460873225178,-2.7396771671895563,0.0
-0.6585529668050037,-0.5142339659399888,0.0
-0.061638052172214755,-1.432735489934108,0.0
-0.667712720570559,1.6819217400731377,0.0
0.44386323274542566,0.33367432737426683,0.0
1.764052345967664,0.4001572083672233,0.0
0.23958275985639133,-0.3698011663038032,0.0
-0.8133642592042029,-1.466424327802514,0.0
-0.9327409107943778,-1.2630683491022754,0.0
-0.38464542314251776,-0.4438360931551978,0.0
-2.5529898158340787,0.6536185954403606,0.0
1.7549861537420586,-0.13298842230959199,0.0
2.2697546239876076,-1.4543656745987648,0.0
1.1813786012882859,-0.6319037580051673,0.0
-0.49610233398256237,-0.07480498268034107,0.0
-0.1016972745548716,0.019279384513077216,0.0
0.04949498165009074,0.49383677628095635,0.0
1.0996595958871132,0.6552637307225978,0.0
2.497200391587007,-2.245321648371402,0.0
-1.3342584714027534,-1.3467175057975553,0.0
-0.40129780513351004,-0.31665529505210693,0.0
-0.27567053456055696,-0.7097279658468882,0.0
0.7714059486768455,1.0294388287827672,0.0
0.9725357891425369,2.1338682472045374,0.0
1.4940790731576061,-0.20515826376580087,0.0
0.06651722238316789,0.3024718977397814,0.0
-0.4980324506923049,1.9295320538169858,0.0
-1.1573552591908536,-0.3122922511256933,0.0
-0.47965581400794766,0.6203582983435125,0.0
-1.82425665593783,0.3036039044620014,0.0
-1.225435518830168,0.8443629764015471,0.0
0.6764607323616232,-0.3820089555778202,0.0
0.4524890926396464,0.09789614541262709,0.0
-0.1576670161638159,2.2567234972982093,0.0
-0.5352701645328445,0.025405208385016018,0.0
1.7327211869191332,0.6845011068591904,0.0
0.6915387510701866,0.6947491436560059,0.0
-0.6564636749715315,-2.8345545052747023,0.0
0.5765908166149409,-0.20829875557799488,0.0
-0.39238899814963674,-3.0461430547999266,0.0
-1.3159074105115212,-0.461584604814709,0.0
0.44103290727315136,0.17879286573317985,0.0
-1.0299352833089765,-0.34994336458910474,0.0
-0.31155253212737266,0.05616534222974544,0.0
-0.057469518465394644,-0.39121705217401626,0.0
1.1880297923523018,0.3169426119248496,0.0
-0.0616264020956474,-0.10730527629117469,0.0
-0.813146282044454,-1.7262826023316769,0.0
-0.6280875596415789,-0.4810271184607877,0.0
-0.507517601657357,-1.051880102551674,0.0
0.28912050527881217,0.4128708204461747,0.0
0.5898798207345195,-0.3638588099707899,0.0
0.6140793703460803,0.9222066715665268,0.0
0.7539914669784796,1.0653154920979948,0.0
0.402341641177549,-0.6848100909403132,0.0
-0.3474506524985633,-0.5812684768603252,0.0
-0.8565493082342095,-1.5415873996717875,0.0
1.8831506970562544,-1.3477590611424464,0.0
0.640131526097592,-1.6169560443108344,0.0
-0.7255973784635843,-1.3833639553950554,0.0
-0.65240858238702,-0.3909533751876011,0.0
0.280441705316296,-0.9931236109295807,0.0
-0.11816404512856976,-0.6801782039968504,0.0
0.7199837301431654,-1.1029062129553697,0.0
1.0813760344581897,-0.6313759884493888,0.0
-1.1043833394284506,0.052165079260974405,0.0
-0.5215796779933731,-1.184686590411552,0.0
-0.7199405321418947,-0.8935744023141913,0.0
1.0304382674156047,-2.0473236130579617,0.0
0.34816923524180865,0.663258089679174,0.0
0.9318483741143037,0.339964983801262,0.0
0.7610377251469934,0.12167501649282841,0.0
0.2242522209656819,-1.6786883628286566,0.0
-0.20694471055729102,-0.6780954607862469,0.0
0.2843145189979445,0.41540062617112683,0.0
-0.34624944764730997,-0.7946363210714987,0.0
0.5210648764527586,-0.5757879698130661,0.0
0.8758327615873309,-0.11510746848722672,0.0
1.1787795711596507,-0.17992483581235091,0.0
-0.35343174875719907,-1.6164741886510325,0.0
2.014060154918468,-0.30676577602700456,0.0
-0.7290446587946957,0.19655740072878491,0.0
0.9409176145751134,0.40520408032288807,0.0
-0.2764328450158372,-0.25957698183403943,0.0
-0.7886692545093662,1.0946383747120914,0.0
-0.5693120534701851,0.26990435494076137,0.0
-0.3479121493261526,0.15634896910398005,0.0
0.947251967773748,-0.1550100930908342,0.0
-0.8612256850547025,1.9100649530990337,0.0
1.4333525028819918,0.4183980113091925,0.0
0.04575851730144607,-0.1871838500258336,0.0
1.738872677454511,0.9943943913154989,0.0
-0.3655510899860373,0.9380925409056455,0.0
0.27560067398405635,1.4350493867891545,0.0
-1.6812182154944335,-0.8889713580954499,0.0
0.18392549434030994,-0.3854897603756083,0.0
-1.2266216593966155,0.967446150050235,0.0
-0.20289684076666706,-0.1098827793093138,0.0
1.126635922106507,-1.0799315083634233,0.0
-0.3994490292628752,0.37005588784751875,0.0
-0.9444462559182504,-0.41004969320254847,0.0
-1.5407970144446248,0.06326199420033171,0.0
0.5072389511096153,-0.1162297003871491,0.0
-1.4465346995633879,0.8002979493400275,0.0
-0.130106954193704,0.09395322938556872,0.0
0.9787379841057392,2.240893199201458,0.0
1.8495912466796365,-0.21416665620008424,0.0
-1.6388073071221778,-0.7333128075836657,0.0
-0.7447548220484399,-0.8264385386590144,0.0
0.9606933984606597,1.3290628465396823,0.0
0.08753147092167086,0.9387468756823101,0.0
-0.8974009269018305,1.3124703671409963,0.0
1.1394006845433007,-1.2348258203536526,0.0
0.6433144650629279,-1.5706234086334527,0.0
-0.21954102833121325,-1.0840366206719345,0.0
-0.4059417271884834,0.7243685048699644,0.0
2.1167910214836754,-1.6108784034499337,0.0
-0.14357951171632055,-0.3820254489503836,0.0
-0.7699160744453164,0.5392491912918173,0.0
0.22739277512112846,-1.016738648609769,0.0
0.36448124924050557,1.4713219561423383,0.0
0.242117960985123,-0.8887202573536308,0.0
-0.5327027919795545,1.0907497344345,0.0
-1.0180418752873648,-0.07785475594085076,0.0
0.46838523427705164,1.7358789976857132,0.0
-0.7994223995430966,0.24078750974193844,0.0
-0.13190863977996706,0.4047618120404975,0.0
1.3191368763015756,-0.8824188185499185,0.0
-0.5973160689653627,-0.237921729736007,0.0
-0.11477532477079817,0.3087512418366131,0.0
-1.6324233020679833,-0.06713415461452177,0.0
0.29673317249411335,0.8299861590811032,0.0
-1.17312340511416,1.9436211856492926,0.0
-0.637437025552229,-0.39727181432879766,0.0
0.2134800489101689,-1.2085736537332212,0.0
-0.3691818379424436,-0.2393791775759264,0.0
-1.0485529650670926,-1.4200179371789752,0.0
-1.3597807255038137,-0.04140081155796743,0.0
0.32486961579618606,0.9971179807917595,0.0
0.555962679709798,0.8924738873315303,0.0
1.6481349322075596,0.16422775548733395,0.0
-0.20690367616397173,0.8801789120807822,0.0
-0.8877857476301128,-1.980796468223927,0.0
-0.6945678597313655,-0.14963454032767076,0.0
-1.217938511593151,-0.30496363785442043,0.0
-0.9855107376841507,-1.4718350074635869,0.0
-0.3090129690471222,-1.6760038063299767,0.0
-2.369586905226603,0.8640523004976479,0.0
0.12691209270361992,0.40198936344470165,0.0
-0.4223148241252707,0.10471402943328433,0.0
1.1541840304940192,0.1725044164928659,0.0
1.8675589604265699,0.9060446582753853,0.0
0.9853175089398669,0.766919669661199,0.0
0.144043571160878,1.454273506962975,0.0
-0.216949569936649,0.4453932508947973,0.0
-0.9180047698190454,0.2524966270768724,0.0
-0.31197610791621294,-0.8402903954793065,0.0
0.35950439957101016,-0.14456681693373594,0.0
-0.15602389099728736,1.0490931879200103,0.0
-1.1561824318219127,0.7811981017099934,0.0
-0.8174930976162265,-1.4013472930393105,0.0
0.0330897511387602,-0.8541612608143545,0.0
0.010500020720820478,1.7858704939058352,0.0
-0.11048940506592783,-1.6606998118692633,0.0
-0.39522898265435435,-1.159420516399913,0.0
0.7666631816450861,0.3562928174722889,0.0
-0.40630313044506255,-0.8640449911023695,0.0
-0.37514711666128386,-1.226196191783019,0.0
1.4665787155741776,0.852551939461232,0.0
1.0781973037142378,-2.5591846663440965,0.0
-1.4449401990733717,-1.2105429941233516,0.0
0.4574156062209908,-0.9646120137337284,0.0
0.2098494779230553,-1.2406245995562275,0.0
-0.9128222254441586,1.117016288095853,0.0
-0.510805137568873,-1.180632184122412,0.0
-0.35399391125348395,-1.3749512934180188,0.0
-0.38687084685064654,-0.5102927396336285,0.0
-2.0946030712061448,0.12372191423350658,0.0
-0.4635959746460942,0.4814814737734622,0.0
-0.6436184028328905,-2.2234031522244266,0.0
-0.45380404105200106,0.4032645401632468,0.0
-2.2555642294021894,-1.0225068436356035,0.0
3.1709747732901796,0.18949963754791346,0.0
-0.7657021944780863,0.555786964082873,0.0
-0.6522935999350191,-0.5211893123011109,0.0
-0.22260568094832048,-0.9130792180417964,0.0
-0.43515355172163744,1.8492637284793418,0.0
-0.85172919725359,1.8227236001279594,0.0
-1.0068317522989838,1.6815767162673276,0.0
-1.139802455426774,0.7849575212405001,0.0
-0.04932407014757259,0.2390336012467649,0.0
1.15233156478312,1.079618592036821,0.0
-1.3065268517353166,1.658130679618188,0.0
0.03700572191014953,0.7679024077327037,0.0
0.8579239242923363,1.1411018666575734,0.0
-1.1651498407833565,0.9008264869541871,0.0
-1.8430695501566485,-0.4779740040404867,0.0
0.17742614225375283,-0.4017809362082619,0.0
0.330576756274374,0.9492464735582357,0.0
1.1002843382203737,1.2980219723262212,0.0
-0.05535254802238957,-0.26393734859268786,0.0
-1.2796891732042395,-0.5854312042777726,0.0
-0.8707971491818818,-0.5788496647644155,0.0
-0.3091144447717088,-0.23346666154369272,0.0
0.5232766605317537,-0.1715463312222481,0.0
-0.06824160532463124,1.7133427216493666,0.0
2.383144774863942,0.9444794869904138,0.0
0.14195316332077967,-0.3193284171450952,0.0
-0.6343220936809636,-0.3627411659871381,0.0
0.3547576931132181,0.6168865543932788,0.0
-0.43918952180214793,0.18133842921782128,0.0
0.6071116719160459,-1.0481704068254731,0.0
0.38273243001226814,-0.03424228053195387,0.0
0.453781912635684,-1.8297404110045314,0.0
0.46616642603403075,-0.3702424407043429,0.0
-0.6878376110286823,-1.2140774030941206,0.0
-0.6872990371566635,-0.11747454641811148,0.0
0.8416312640736364,-0.24945858016094885,0.0
0.5238910238342056,0.08842208704466141,0.0
0.5407735853003902,-1.8180776303835695,0.0
0.22246316400860677,-0.08837552319915497,0.0
-1.0546284639850139,0.8202478373246812,0.0
0.4355461592956536,-0.5992242774597194,0.0
-0.9443684908242939,0.23810314783231212,0.0
-1.1474686524111024,-0.43782004474443403,0.0
0.7726948371023817,-1.6615982911145637,0.0
0.8145198224878664,0.05892558918162996,0.0
-0.635846078378881,0.6764332949464997,0.0
-0.8602624519575188,0.3283012950007554,0.0
1.0156652815421012,0.7010413411650971,0.0
-0.5963140384505081,-0.05256729626954629,0.0
-1.3707599825430605,0.8656529228158533,0.0
0.8644361988595057,-0.7421650204064419,0.0
-0.7537044661806008,0.13768982590334733,0.0
-0.03576807186022113,2.3807453512197503,0.0
-0.06727560892298173,-1.3183958696447342,0.0
-1.7423561978092306,-1.3032427541123157,0.0
-0.757870860425166,-0.05008409428482209,0.0
-0.7621145119224981,-0.8877801366359354,0.0
-0.13370155966843916,1.0777438059762627,0.0
-0.38487980918127546,0.094351589317074,0.0
-1.601836048972537,-0.8871809418450403,0.0
0.1993001968964652,-0.050603540961665895,0.0
-1.0003303489537054,1.67398570701071,0.0
-0.08593076697161273,0.19429293804577166,0.0
-0.2918373627478628,-0.7614922118116233,0.0
1.8675579901499675,-0.977277879876411,0.0
1.2302906807277207,1.2023798487844113,0.0
-0.9378802311514517,0.43310795315134365,0.0
-0.5986539369229861,-1.1158969859603944,0.0
0.4768983689222224,0.14844958138007808,0.0
2.1041374890384303,-1.5116804817581437,1.0
-1.2336103928207711,2.7346793849501427,0.0
2.00525001036041,-1.1070647530470823,1.0
1.6637697761120245,-2.1797765807702705,1.0
1.7445974312155634,-2.5903160920612063,1.0
-2.0516094258967787,2.205299250969186,0.0
2.3645452810887684,-1.9355085446212947,1.0
-2.4438928738150563,1.0096017658880365,0.0
2.5893897855798254,-2.0899624179061753,1.0
-1.8434661491745494,1.5729521303491376,0.0
1.5522667194031623,-1.806548751070369,1.0
-2.173956074663076,2.07817448455199,0.0
-1.0662210049250163,1.5113610600617946,0.0
-2.1936634087039764,1.8488486247123321,0.0
1.9859088858306726,-1.7858340647347912,1.0
1.4646236892447289,-1.4727741365344316,1.0
-2.6263976800249633,2.388745177915955,0.0
-2.5242764825335464,1.2899910314105125,0.0
2.033258611191584,-1.8487640511301093,1.0
-1.2529604634211968,1.8974208681170996,0.0
1.1849008265169778,-1.768608872237113,1.0
-1.117973827016168,2.2000786041836116,0.0
1.5646014254090592,-2.289424832382208,1.0
-1.927978214419561,2.7271367534814877,0.0
-2.254826090875827,1.7809628491944067,0.0
2.2011708205887746,-2.342405045470157,1.0
2.178183198587201,-1.646713415904026,1.0
-0.8651226880061962,1.2728171627006177,0.0
-3.2764949079170393,2.3268092977201804,0.0
2.06345604635181,-1.799005318277649,1.0
1.8442237339363137,-1.9719173288851273,1.0
1.4174250796083219,-1.5495867565229064,1.0
-1.5249557912372054,1.9243213958511511,0.0
1.546350817808379,-1.9740273021019306,1.0
2.7441260968977996,-1.0520554119847083,1.0
1.7984115265134102,-1.3887774648087863,1.0
-1.5106310079471303,3.120446599600729,0.0
1.6828389531595183,-2.1813705829935692,1.0
-1.5677819005702471,1.628917489796779,0.0
2.23283121986523,-2.768121843138612,1.0
-1.3848546596361397,2.6011899243922056,0.0
-1.9225262871515418,2.1890812598010867,0.0
-2.8069489237789758,1.8936298598930157,0.0
-1.7780683836272873,2.1668371636871333,0.0
-1.977120741349277,1.906408074987083,0.0
1.593426858977773,-2.8631413011658386,1.0
-2.8531350953125063,2.975387697615895,0.0
-1.6194811374265032,2.060837508246414,0.0
2.5697003422716502,-2.617412910176826,1.0
2.088713071126876,-2.200890468104131,1.0
